url,label,source
https://regproducate.de/ServiceBK/home.php?&amp;Yt9IBXJyAeGaFGDwhNSyFJcGK1Mon65XLPukGvpd4sCbK4alvjr0WxMBbimHwdvEphsWoV4qMDo1Y7sPQbe0ZnyFEK48K4cYytGFz8FD3sYSTdIXvO0AsRzBesz75UNhDBr6XS1WONBcfarLi8bfbO2Uko8Y8hmVjPHlnuAHZaeHSF5ehLOLUiVW1kdlvNPGbe78rYt2,1,phishtank
https://docs.google.com/presentation/d/e/2PACX-1vTLY5i7AMWlBbwpuzts-HzJAm0fyd0Rj471MAZrK0VZkMtj8qs4cOf499fY7GyKVANVxFgejyOY8sFS/pub?start=false&amp;loop=false&amp;delayms=3000,1,phishtank
https://muniv-grenoblemro.weebly.com/,1,phishtank
https://credito-seguro-prestamos-pichincha.lovable.app/,1,phishtank
https://qr-codes.io/I3l3d1,1,phishtank
https://q-r.to/bfTq2V,1,phishtank
https://docs.google.com/presentation/d/1JWqy1Nd0dyxVrbBT--RIR_-fRXzHy2KZcdYunkXyv8k/pub?start=false&amp;loop=false&amp;delayms=3000,1,phishtank
https://l.ead.me/bgFnaZ,1,phishtank
https://fullaski.com/longman/ourtimepge/v3/index.html,1,phishtank
https://docs.google.com/presentation/d/e/2PACX-1vRBGWOEJs1naz_HRpgtnRhs6diTMD3sdqkiTjjo_4nwjB1sv5x-226xrqm3iXb5l6bh51nRSDO23JWX/pub?start=false&amp;loop=false&amp;delayms=3000,1,phishtank
https://newserverececxsperetum-01.weebly.com/,1,phishtank
https://btiinternetttttt.weebly.com/,1,phishtank
http://ambernamesweb.com/,1,phishtank
https://betg366.start.page/,1,phishtank
https://docs.google.com/drawings/d/10NzoRuy9P8mEVPWn2VgU3gVDm4Qzz-BD2-cbcc8lxNs/edit,1,phishtank
https://crediunion1alaska.web.app/,1,phishtank
https://ov-h-709f2.web.app/#a@b.com,1,phishtank
https://contatobiaonline.ru.com/,1,phishtank
https://portaal.coinmarketcmc.com/mykonsoleh/,1,phishtank
https://bafkreic2qag4owlv4djsvlmlg7ea75dyc6qucomzuuph7jowjq5iiag5rq.ipfs.dweb.link/,1,phishtank
https://suivi-post.info/it/asset.php,1,phishtank
https://qrco.de/bfR31c,1,phishtank
https://docs.google.com/presentation/d/e/2PACX-1vT159wUv8j61BvqJOxmexXpZtfvBx2RnmBsyHW6jWq_zGmRKeaDcxo_hpCyWXK0Mv4pzGVkt4oqNsqP/pub?start=false&amp;loop=false&amp;delayms=3000,1,phishtank
https://q-r.to/bfESfY,1,phishtank
https://security-index-verix.weebly.com/,1,phishtank
https://docs.google.com/presentation/d/e/2PACX-1vSTYk3HWtuqHoS4UztDnV2ydpEMQswsUkHBgP90CWZJa6I7hnjyrxDSoZgiBGwGHv-6NAwSbEmbJeh-/pub?start=false&amp;loop=false&amp;delayms=3000,1,phishtank
https://sodasoftheworldrivefr.firebaseapp.com/,1,phishtank
https://sertyhgfgh.w3spaces.com/fghbfghgf.html,1,phishtank
https://mobilepay-mitld.web.app/,1,phishtank
https://docs.google.com/presentation/d/e/2PACX-1vQ1ozRuFteXaBBq-dwajXRV4ntV9I7PlKNq8ylKkZvoyVPoQ3pCbrIUjvfpAiWLccUPJp-WJS6vyTOH/pub?start=false&amp;loop=false&amp;delayms=3000,1,phishtank
https://l.ead.me/bgaIJT,1,phishtank
https://nidnaver5248888r4.weebly.com/,1,phishtank
https://gmxxxbv.weebly.com/,1,phishtank
https://resig.weebly.com/,1,phishtank
https://mutcoup.web.app/,1,phishtank
https://sbsgssgsb.weebly.com/,1,phishtank
https://l.ead.me/bgcMx0,1,phishtank
https://qrco.de/bgWRFJ,1,phishtank
http://allegro.pl-5809127.cyou,1,phishtank
https://docs.google.com/drawings/d/12Y1IV9tJDD45NYzRNCQYuAHvOh-BfctlJNf3kOHrS2c/edit,1,phishtank
https://connectingvodamail.weebly.com/,1,phishtank
https://sss555ssssaaaazzzzzccc.start.page/,1,phishtank
https://bafkreify3jissjdi5xn4ykxyqloc3lrt45cevbl5lwakzmgjvdmgx4rzvu.ipfs.dweb.link/,1,phishtank
https://l.ead.me/bfbPdD,1,phishtank
https://sites.google.com/view/portail-securisation-hmtlt/accueil,1,phishtank
https://docs.google.com/presentation/d/e/2PACX-1vSmKKE3Fe4UI11X8x4w51AXn214etegW9eDkb7mmbbYIoDEDZnOPtuMMRTlHd657MSOF1V8wiP7lczC/pub?start=false&loop=false&delayms=3000,1,phishtank
https://allegro.prowu1y2673f8239.bond,1,phishtank
https://linkin.bio/tosuppor-kvish6/,1,phishtank
http://allegro.oferta27645396.click,1,phishtank
https://myphampizuquangtri.co.uk/,1,phishtank
https://q-r.to/bgd3AY,1,phishtank
https://qrco.de/bgadQY,1,phishtank
https://steamcomnunnlty.com/,1,phishtank
http://dqskdlqskdqsodlksqdq.blogspot.am,1,phishtank
http://optikgeneral.com/Webmail/41/Webmail/webmail.php,1,phishtank
https://qrco.de/bgaLBT,1,phishtank
https://instablogs.github.io/,1,phishtank
https://l.ead.me/bfPOrI,1,phishtank
https://l.ead.me/bgakES,1,phishtank
https://q-r.to/bfYwUB,1,phishtank
https://snip.ly/um5z8v,1,phishtank
https://bit.ly/3Thghly,1,phishtank
https://matthevwjamesdesig.wixsite.com/my-site-1,1,phishtank
https://us12.campaign-archive.com/?u=216fee79dacc97bf17c5def22&id=c190f50f79,1,phishtank
https://flow.page/btvoiimaillof,1,phishtank
https://pub-b8aece6410254e0eafbd860997dcc12f.r2.dev/index.html,1,phishtank
https://flow.page/btoffmailvoicecaiij,1,phishtank
https://l.ead.me/bfITk0,1,phishtank
https://bnetuoklnh.web.app/,1,phishtank
https://www.cakeresume.com/s--2KXWJI-_pO-mECGIWfoqlQ--/martinsmth,1,phishtank
http://akpp-volkswagen.ru/css/GlobalSources/?email=3mail@b.c,1,phishtank
https://l.ead.me/bfP6gW,1,phishtank
https://exodus-wallet-minn.wasmer.app,1,phishtank
https://q-r.to/bfNiDL,1,phishtank
https://pendiente-12983.cloudaccess.host/payment/,1,phishtank
https://t-mobile.qvmhl.cc/pay,1,phishtank
https://l.ead.me/bfLYrr,1,phishtank
https://mobile-connect.pages.dev/?iduser=TkRnd01BPT0=&Jp=99G51,1,phishtank
https://q-r.to/bgbZwl,1,phishtank
https://qrco.de/bfI7IsCVSwergwrebhen,1,phishtank
https://vibrant-answers-887265.framer.app/,1,phishtank
https://l.ead.me/bfNyBl,1,phishtank
https://accesbansebnsi.ydns.eu/Re/Step2.php?token=MzQuMTk4LjQ2LjExODIwMjY6TWFyOlN1bg==,1,phishtank
https://easying-f8b8c.web.app/,1,phishtank
https://enstarted-io.ghost.io/start-enus/,1,phishtank
https://docs.google.com/presentation/d/e/2PACX-1vSJRLJv4W0xSkn2p9KuNv1aURl6-SU46n-i0HgZagyvrJBVXZK3NzfUelF99jTMVaqNiIpMDMywjUz6/pub?start=false&amp;loop=false&amp;delayms=3000,1,phishtank
https://sites.google.com/view/update-currently0610/update,1,phishtank
https://docs.google.com/presentation/d/e/2PACX-1vTFIzwjMO4aPcRFKB5CFTMqOcuRRjWukq1XpzAJh2hTv7KyQM2iTcS_jwQflH37yd1P_EQVp4rtZ-TN/pub?start=false&loop=false&delayms=3000&slide=id.p,1,phishtank
https://637341.8b.io/,1,phishtank
https://eddstateofcalifornianewprogramonline.weebly.com/,1,phishtank
https://qrco.de/bfLJUy,1,phishtank
https://authprod331.m-pages.com/yySTxY/werty,1,phishtank
https://salinks.org/webmail-ionos/,1,phishtank
https://xolm-zc1.maillist-manage.eu/click/1274d0ec9b4a6958/1274d0ec9aaab453,1,phishtank
https://customer-p.web.app/,1,phishtank
https://qrco.de/bexicm,1,phishtank
https://kundenfang.sbs/AKMf8RXTA,1,phishtank
https://q-r.to/bgbOi3,1,phishtank
https://aiusbnalhgmigljranigqrvdtgqgbufwhjbet.blogspot.com,1,phishtank
https://bafkreiay2gmjjn35sr5sq2p52znbz73j6iu4jc6t2u62ntopfzbw5fkcbu.ipfs.dweb.link/,1,phishtank
https://cxyuimerdas.weebly.com/,1,phishtank
https://qrco.de/bfImTf,1,phishtank
https://l.ead.me/bgZuBF,1,phishtank
https://qrco.de/bfa33Q,1,phishtank
https://sites.google.com/view/c0nfirma4rdatos/inicio,1,phishtank
https://blackhillscbnklogln.weebly.com/,1,phishtank
https://lopp-e8780.firebaseapp.com/,1,phishtank
https://frsogn-1daf0.firebaseapp.com/,1,phishtank
https://bafybeictihwjrxpmvmzzsfyss67ifszryfbhvluo3m7ksk25ffjlazvxfu.ipfs.dweb.link/,1,phishtank
https://facebookrecreation.webflow.io/,1,phishtank
https://qrco.de/bgbeYA,1,phishtank
https://studiofrontiers.com//wp-admin/css/AA/nordea/pankki/auth-login/index.php,1,phishtank
https://attttxcvhh.weebly.com/,1,phishtank
https://clickme.vcita.com/ls/click?upn=u001.CQDPuunFKkmuUslntkWYYlu4w9-2FWvBe3nKLTxFBh8hgap6-2FFFmkDjEOOfjEXNaTuqClU_cwEG8GU56BZjk-2BYzIhqKSKracQH8Iw5awArIwfB0lMWDxSkyprBiW2rxk30KRppKYF6y7W4nS-2BtWgMeXQLcRS2sbhPja-2BEVR-2BepMm9veCpvKAWqrI8sa1ncV5VlaYtqz-2FgTAni6NSYo1Fo-2Bxtx3Km8tnHCsanIW-2FYg5rnadfKL-2FQmOzrgUVoHyAT697sah1zxPzP3iBgvg0LvKqDhivikh4gfKZJOlQt1C9dXppbNIQs-2F05a9VudB8t5T7unQxXEwetWjUkIROdBM2pnaQTQuT9LoZLyZ30t5kgnDHmit9CzX9w3-2F90XzlzXBc5kSgU-2BD2GAf79Uk-2BlqmB6F-2FanIuQIp-2FsZb1iW4kLKQuccU3WZL3Jl0BTtGyWCQPv5Er57fjqDVy68iBqb1tktVxruefw-3D-3D,1,phishtank
https://qrco.de/bfKAVx,1,phishtank
https://bit.ly/41dGMNh,1,phishtank
https://lite.evernote.com/note/def7c487-d207-e873-7d46-5b1bf924f520,1,phishtank
https://l.ead.me/bfJN5T,1,phishtank
https://docs.google.com/presentation/d/e/2PACX-1vSNPa8MXm5E2afeDSKEV7IIkc6yQMEMYr56zQQoSDBEl59TnkKFl3ZJfEyW_6GSBkil5aL0Sq43E1fl/pub?start=false&amp;loop=false&amp;delayms=3000,1,phishtank
https://linktr.ee/m1i2e3n4,1,phishtank
https://oliberastense.firebaseapp.com/,1,phishtank
https://l.ead.me/bgbkTE,1,phishtank
https://q-r.to/bgbPMJ,1,phishtank
https://gmxdexxvz.weebly.com/,1,phishtank
https://new.express.adobe.com/webpage/CFuTHsNbwtfI0,1,phishtank
https://sites.google.com/view/mailtermsandpolicyupdate1/home,1,phishtank
https://bpzqkfwpy.firebaseapp.com/,1,phishtank
https://q-r.to/bfJWbT,1,phishtank
https://ipfs.best-practice.se/ipfs/bafybeibfnuwqkcmzcqsp5q76fizxk7t3thdupp2ecmz35qujptsx7dwmg4,1,phishtank
https://l.ead.me/bgZrnO,1,phishtank
https://docs.google.com/presentation/d/e/2PACX-1vSE-bWzyVYWYNwDlnIa_Z9-iy5qiU07Wz0dcpAvEmaHmhqo9XjPwplvYUDTDDFxTz-1O6d0vAAD3vx0/pub?start=false&amp;loop=false&amp;delayms=3000,1,phishtank
https://l.ead.me/bgbNWu,1,phishtank
https://share-eu1.hsforms.com/1H5z-PWWpTa-ZU_tpVq4RCA2fg09z,1,phishtank
https://docs.google.com/presentation/d/e/2PACX-1vQvW63TjZd0ns82zcHFL8wCnXEK1VKFPvgo_MLdnjAR4j8_Ek4woY_JYDjW5vqLwRRcyGrBdlhnztmh/pub?start=false&amp;loop=false&amp;delayms=3000,1,phishtank
https://account.booking.com/sign-in?op_token=EgVvYXV0aCKyAQoUNlo3Mm9IT2QzNk5uN3prM3BpcmgSCWF1dGhvcml6ZRoaaHR0cHM6Ly9hZG1pbi5ib29raW5nLmNvbS8qOnsiYXV0aF9hdHRlbXB0X2lkIjoiMTcyY2Y4MjctMTE1YS00MWU3LWEzMzktMzFjMWM3NThiMTcyIn0yK0ROTHZtRDFGNk1ZdFJxZXRydW53c2lCZmhzTjhPcVUzZmFTcjhKMHFCXzQ6BFMyNTZCBGNvZGUqEzCLkuT29aYnOgBCAFjugIW0pzI,1,phishtank
https://l.ead.me/bgaPvM,1,phishtank
https://qrco.de/bgaMk6,1,phishtank
https://ml-trnsits.pro/,1,phishtank
https://q-r.to/bfJWTb,1,phishtank
https://aide27-passsecurite.com/connexion,1,phishtank
https://docs.google.com/presentation/d/e/2PACX-1vQv9Je5bltfdc7plP1Pi8rUNH7iqHW22OksjO41M_Xb2DyWFRxaL1O0_AoHQo4aPiHkuerLK62SC8VK/pub?start=false&loop=false&delayms=3000,1,phishtank
https://hgdfgh6780.weebly.com/,1,phishtank
https://l.ead.me/bfJtIC,1,phishtank
https://app.resgatepremium.info/,1,phishtank
https://qrco.de/bfY0wa,1,phishtank
https://exodus-web-en.zapier.app/web-en,1,phishtank
https://adshanteen.web.app/,1,phishtank
https://qrco.de/bfNogB,1,phishtank
https://q-r.to/bfTRFe,1,phishtank
https://bit.ly/3D47oGH,1,phishtank
https://k4omfah2.forms.app/document,1,phishtank
https://nicheuniversal.ukit.me/,1,phishtank
https://qontomsg07.web.app/,1,phishtank
https://docs.google.com/presentation/d/e/2PACX-1vSQfiYbwJlsRyIs9780JKA_qHI16KZNSWXsS_FF87Rs3058OCTPAC9Jl2tTlrORdCSLNfm91i1s7HXT/pub?start=false&loop=false&delayms=3000,1,phishtank
https://ee-payment-pending.web.app/,1,phishtank
https://alebilet.pl-oferta9335447.com,1,phishtank
https://docs.google.com/drawings/d/1xueMfL4GxjL34IFWtyGH3XtAkDEcnZfpmNw74snjiMs/edit,1,phishtank
https://tudryse67oiydtrytufyiku-dts7idifyukgyf6r8uyij.teemill.com/,1,phishtank
https://q-r.to/bgbmak,1,phishtank
https://naiveuae.web.app/,1,phishtank
https://did.li/k6vsih,1,phishtank
https://busdmpunew.web.app/,1,phishtank
https://bit.ly/4gEm26L,1,phishtank
https://sp80189.sitebeat.crazydomains.com/,1,phishtank
https://docs.google.com/presentation/d/e/2PACX-1vRMI1JAK7zATUcx8udN7xMEbLG6YPRORbd0QvJ7myCQslpAIZ4_5s79masDEm3MusVk7poo2iSfNpF1/pub?start=false&amp;loop=false&amp;delayms=3000,1,phishtank
https://qrco.de/bfKRDY,1,phishtank
https://qrco.de/bgfGDE,1,phishtank
https://nooralhaqdata.com.ng/email/Roundcube.html#o.bures@mup.cz,1,phishtank
https://t.co/nUOKv25Mv2,1,phishtank
https://docs.google.com/presentation/d/e/2PACX-1vT15CCQTwe4-gL0Rdk-nZSu36k9aekE1NHS7tixvWgCMoVN0pQXV64Xd8m9Pxn5X8i5gA_oPePyehoP/pub?start=false&loop=false&delayms=3000&slide=id.p,1,phishtank
https://qrco.de/Dgtes5,1,phishtank
https://l.ead.me/bfNjVB,1,phishtank
https://www.dropbox.com/scl/fi/caj1kcxvud0i8vwngag3m/BT-NEW-VOICEMAIL-RECORD.papert?rlkey=jpp6b2c60v17t21v27q5zqqqi&dl=0,1,phishtank
https://hindscommunitycollege.ukit.me/,1,phishtank
https://docs.google.com/presentation/d/e/2PACX-1vStBhSjDdjkeKkdz-IS2oPXC2RR2z_l9Ux9VhkdVWPa8t7ppKQfbKbs_i9q0vky7Ew3n8oXO0KdlMTE/pub?start=false&amp;loop=false&amp;delayms=3000,1,phishtank
https://new.express.adobe.com/webpage/iC7pyTugDUGZl,1,phishtank
https://pub-9f7f2732b91145469da6c475d6b20c67.r2.dev/eakck.html,1,phishtank
https://pub-5dc6180bbda84df395cd2533429e3a0b.r2.dev/index.html,1,phishtank
https://service-familyprime.com/index.php,1,phishtank
https://bit.ly/3AgdRNO,1,phishtank
https://q-r.to/bfIbuF,1,phishtank
https://qrco.de/bfLHhG,1,phishtank
https://tyni.at/XHHHHTL,1,phishtank
https://qrco.de/bfKPQD,1,phishtank
https://orchid554500.studio.site/,1,phishtank
https://q-r.to/455dc2dc79ec08de06d7372b708f8c75,1,phishtank
https://docs.google.com/presentation/d/e/2PACX-1vQPS2cF7SDQjxK5cNZyzaOdWNls6kMoCtsLSZXfGUe9qpKNObdq-p-lBe5SNO58RA5ogiH9PdoZBTmO/pub?start=false&amp;loop=false&amp;delayms=3000&amp;slide=id.p,1,phishtank
https://itau-info-py.webcindario.com/,1,phishtank
https://lpdeymonblackfr.firebaseapp.com/,1,phishtank
https://pub-4a46da6f03c247bb8d5c281518cfff1c.r2.dev/dtn.html,1,phishtank
https://payutech.pro/,1,phishtank
https://pub-f4e9a8ab7a98453a9f26c9eda5cc5e77.r2.dev/contractapprovald.html,1,phishtank
https://href.li/?https://glinzikkpo.online/CS2330/neww,1,phishtank
https://bafkreia6pribhxoevoiym6ghvftcuk5fw2kzgsnkn4uvnqjvowl4c3okmi.ipfs.dweb.link/,1,phishtank
https://hdgdcsava.weebly.com/,1,phishtank
https://new.express.adobe.com/webpage/cAW8gosqOErJ9,1,phishtank
https://invoice17176274.myportfolio.com/,1,phishtank
https://q-r.to/bfacOT,1,phishtank
https://bogexa8628.wixsite.com/my-site-1,1,phishtank
https://2week.net/st-manager/click/track?id=21981&type=raw&url=https://connectionseg.com/tt/tgfrw/wjjjqd/qr4yvhh/compeeteretee.html,1,phishtank
https://l.ead.me/bfRc21,1,phishtank
https://script.google.com/macros/s/AKfycbyVwMUBv8voZ6mOw2e-p-lhb903O_MmtrOsJOAKt0UOh7oNOVGXwAzl_GvO6fE1Dg9soA/exec,1,phishtank
https://global-officials.ghost.io/suite-enus/,1,phishtank
https://q-r.to/bgZWMz,1,phishtank
https://l.ead.me/bfHdaz,1,phishtank
https://sites.google.com/view/mlawetpofaslktrasglwp,1,phishtank
https://pub-2cd796e07737407a9447e3735195d740.r2.dev/xxxwebxxx.html,1,phishtank
https://bit.ly/4ctYAH0,1,phishtank
https://noumeabourali00120.firebaseapp.com/,1,phishtank
https://rules.standard.us-east-1.oortstorages.com/address.cvz,1,phishtank
https://bit.ly/3w5PX5v,1,phishtank
https://frontsconexaonet.kinghost.net/,1,phishtank
https://exec3-webme-ktun2-bn.framer.website/,1,phishtank
https://poaparageamwor5dc37.myclickfunnels.com/aer,1,phishtank
https://www.dropbox.com/scl/fi/4atl07ef6qstvue7di6k0/VlEW-YOUR-BlLL-BELOW.paper?rlkey=8xg9421o9arpetd76l4cfav2w&st=jtqrrd0s&dl=0,1,phishtank
https://qrco.de/b23c11GU980202RR29Q09279MN37Yt?qs=kQmk9zJxGzUs4TnN3WoSZMXso6Wk859jGPOvm4pS,1,phishtank
http://xp0.936.mytemp.website,1,phishtank
https://bit.ly/41UtA0m,1,phishtank
https://worldofmiserere.com/Es51zI0pMh.co.jp?vpass.ne.jp/index.jsp,1,phishtank
https://amiable-essentials-848395.framer.app/,1,phishtank
https://zpr.io/BVK3YhLKeefF,1,phishtank
https://2ww.me/pN4V9,1,phishtank
https://us4.campaign-archive.com/?u=2c61ca22b53df64234ab5338b&id=8b21a29227,1,phishtank
https://webmaillshawcca.weebly.com/,1,phishtank
https://docs.google.com/presentation/d/169gNGDyZThfTPEgcOAegJf1GblbLCwuqOkY8aFvkRCM/pub?start=false&amp;loop=false&amp;delayms=3000,1,phishtank
https://qrco.de/bfNiFH,1,phishtank
https://l.ead.me/bgZsQN,1,phishtank
https://graficasquare.com.br/zdir/zz/cuni-cz.html,1,phishtank
https://correoses.app.link/dominios,1,phishtank
https://id8237482374712374123.web.app/,1,phishtank
https://www.abcsubmit.com/view/id_1i4mpnaja_1r2m?utm=abcsubmit,1,phishtank
https://cmouknirea.firebaseapp.com/,1,phishtank
https://docs.google.com/presentation/d/e/2PACX-1vTqZ0HSoK7TD3DbePfmMtiFTC2Wc-nZqwNRhEawakxKJfOPUKnYHQfgSNA9al1ye-rI9U_XLswI-2Kd/pub?start=false&amp;loop=false&amp;delayms=3000,1,phishtank
http://43.156.0.130/InteractiveLogin?continue=https://accounts.google.com/&amp;ffgf=1&amp;followup=https://accounts.google.com&amp;passive=1209600&amp;ifkv=Af_xneGpinflONH_c3iB5WwVV1C6BSPwAwpudWnjxe8BcKRMcZLFgAnlzpjtHVk0QMFIUm6AcMYv,1,phishtank
https://vsec-info.im/g/pages/,1,phishtank
https://qrco.de/bfDab5,1,phishtank
https://qrco.de/bfShK5,1,phishtank
https://jn3cdjkapruvabqpfrvjslecoh.john-miller1only.workers.dev,1,phishtank
https://q-r.to/bfPyEh,1,phishtank
https://ipfs.best-practice.se/ipfs/QmRH7zY4phsVi1jkJy2Wrxcvi39TgLPhDTesvc4cn9WNGW/,1,phishtank
https://affintityfcugindecupredefu.weebly.com/,1,phishtank
https://qrco.de/bgcQ2m,1,phishtank
https://tinyurl.com/yv9xtnp8,1,phishtank
https://www.amazingappclub.com/app/jp.japanpost.jp_bank.bankbookapp?utm_source=133896259867&amp;utm_medium=search&amp;utm_campaign=15520945349&amp;gad=1&amp;gclid=EAIaIQobChMItY-drZXR_wIVFsSWCh2bFAGcEAAYASAAEgIplvD_BwE,1,phishtank
https://l.ead.me/bgbNSt,1,phishtank
https://stikes-mangtap.web.app/,1,phishtank
https://cdc-formation00150.web.app/,1,phishtank
https://uimasewinter.weebly.com/,1,phishtank
https://new.express.adobe.com/webpage/9vH5nyWbgIeYU,1,phishtank
http://allegrolokalnie.pl-oferta8752387.icu,1,phishtank
https://00nvk529ieyf-pages-dev.translate.goog/www.jcb.co.jp.html?_x_tr_sch=&amp;_x_tr_sl=monex&amp;_x_tr_tl=ja,1,phishtank
https://dire-6293.pro/as.php,1,phishtank
https://unitedreflections.com/img/lmywpkfx/kees-access/personal.html,1,phishtank
https://place.bio/jgjit,1,phishtank
https://pub-24de419def914f7d9f9b17c6c6bbb7bd.r2.dev/enter.html?Yacht366#x@x.com,1,phishtank
https://particular-acknowledge-798126.framer.app/,1,phishtank
https://q-r.to/bfTidn,1,phishtank
https://nofeptservicefr.firebaseapp.com/,1,phishtank
https://ifswgtofuxi.web.app/,1,phishtank
https://99b5fbd3.287de41afac50c1751d99e59.workers.dev/,1,phishtank
https://docs.google.com/presentation/d/e/2PACX-1vT3DmTob3FqFxzmvYPpHT_hXVHF6AKcTnEvo45CoorVqPb_xpeHgXWvXp8kkOyNqyt7ZSGz-FopSshE/pub?start=false&amp;loop=false&amp;delayms=3000,1,phishtank
https://myidteistraeami.weebly.com/,1,phishtank
https://l.ead.me/bfYitK,1,phishtank
https://docs.google.com/presentation/d/e/2PACX-1vQao0vAgWxTOZAm82SnIBpq8fkCilOOClmdT1EpoP2SXsD-Qoyt6aGB7n2Qs-X8Muhoi4AsVLroayHH/pub?start=false&amp;loop=false&amp;delayms=3000,1,phishtank
http://www.chadwondermagic.com/SHalom-questMarch-3f8d9c2b_6e4a_12df_9b7c_8a3f2e1d0c5b.html,1,phishtank
https://1walpolebk8.weebly.com/,1,phishtank
https://williambage.com/wpinclude/posto.php,1,phishtank
https://www.bacfinancial.biz/,1,phishtank
https://dqskdlqskdqsodlksqdq.blogspot.com/,1,phishtank
https://docs.google.com/presentation/d/1OOWTrZoQvGCU9fTJGuywCJIIqKiZnC_FnWqEEQDMrrU,1,phishtank
https://l.wl.co/l?u=https://qrco.de/bf8VrGvSVsadwrwerhSV,1,phishtank
https://limduc.cl/services/,1,phishtank
http://allegro-lokalnie.kupteraz81723129-t3.sbs,1,phishtank
https://docs.google.com/presentation/d/1uxKb9SLXi8WqvOOd59OakltZMcG2Q_dU4qlk1IVR7tY/pub?start=false&amp;loop=false&amp;delayms=3000,1,phishtank
https://ledgeer-live.zapier.app/usa-en,1,phishtank
https://docs.google.com/drawings/d/1HQVPg7FG_ZknmdE-PrSornh8vc-3a0rLNxrOw-4Y328/edit,1,phishtank
https://fir-8da4d.firebaseapp.com/,1,phishtank
https://cpanel-webmail-eceme0vxnx.pages.dev,1,phishtank
https://l.wl.co/l?u=https://ungu.in/aerhbaergaergvaerx,1,phishtank
https://l.ead.me/bfP4t4,1,phishtank
https://distributionrelays.com/,1,phishtank
https://blue-leather-coat.store/c/Auth/ini/,1,phishtank
https://www.athos.cnt.br/port/dgggh/arubaaufix/web/authen.php,1,phishtank
https://surveyheart.com/form/64ad21b444f1965cac6385fa,1,phishtank
https://sparkass-sidcheck4.firebaseapp.com/,1,phishtank
https://docs.google.com/presentation/d/e/2PACX-1vSzV3lRBd2G25eIcLK85vUOXMo6uMTWIR6NhDAId83tcAbV4n5Bl6PYu8aItIfNgDOwK_T8acjcjXMg/pub?start=false&loop=false&delayms=3000,1,phishtank
http://pub-d632e1a48ad344649f13deeb4ecf9a3a.r2.dev/artt.html,1,phishtank
https://us8.campaign-archive.com/?u=6e6b369b0d791beb6a9555430&id=f7df9d2f1e,1,phishtank
https://docs.google.com/presentation/d/e/2PACX-1vSvks0f0dNdDiQ4NKhA3EC7Xts3EMbCvYYasao7m38eMhaLSBLSSoVJBlYLn1t2h1LolO1lyP7i67K0/pub?start=false&amp;loop=false&amp;delayms=3000&amp;slide=id.p,1,phishtank
https://www.dropbox.com/scl/fi/1sduqpbcq1cju6e1ekg6w/TalkTalk-Telecommunications.paper?dl=0&rlkey=kxhl97pwgg9urdeurnmst9h2x,1,phishtank
https://www.sitesgpt.com/?em=redacted%40abuse.ionos.com,1,phishtank
https://docs.google.com/presentation/d/e/2PACX-1vRod2NIukpuOTYf9RLpgulA1n06D4RESEQvoS1YIgS4VC8pqT9AGoaLilNL9Ou3RlTEKF7FmYeGLNKi/pub?start=false&loop=false&delayms=3000&slide=id.p%3E,1,phishtank
https://solicitacoesaprovado.s3.us-east-005.backblazeb2.com/aumento.html,1,phishtank
https://pub-692b10cf11104a0e84d0ddf757e19899.r2.dev/AMEUEPPURURK0304.html,1,phishtank
https://docs.google.com/presentation/d/e/2PACX-1vQq4q00_4RoIw68QUx1zL77DYLaaL80IxVPiQRavA6dA9u5Vu2xAApXp_TxpZFdGRyrc8YA7E4y-QBq/pub?start=false&loop=false&delayms=3000&slide=id.p,1,phishtank
https://new.express.adobe.com/webpage/rdmvQT3DzyAkL,1,phishtank
https://l.ead.me/bfK4nI,1,phishtank
https://nixtla-developer-portal-main.firebaseapp.com/,1,phishtank
https://t.co/QAXdexgwTJ,1,phishtank
https://o505lyw4d0okd-pages-dev.translate.goog/site4.sbisec.co.jp.html?_x_tr_sch=&amp;_x_tr_sl=monex&amp;_x_tr_tl=ja,1,phishtank
https://p9a6t3.lat/jhrz0uqg/ujvDhH/8Das8X,1,phishtank
https://bit.ly/4fELIQk,1,phishtank
https://docs.google.com/presentation/d/e/2PACX-1vTSmXTEBjVUJ1wCSzxgcCp_pCPyHQy6Azk3LnDQo2-2Vy_olflcb425IyTMCkjCm0bDZr_55jMqwAMi/pub?start=false&amp;loop=false&amp;delayms=3000,1,phishtank
https://bi-enlinea.webcindario.com/,1,phishtank
https://docs.google.com/presentation/d/e/2PACX-1vQFH944CheUfSyagFqwvXkJCAslpNC7caYeN7Kz5SQrzh0IQcjDbQP7hZ9LJtfBx0hLsXMq2LJ5mdkm/pub?start=false&loop=false&delayms=3000&slide=id.p,1,phishtank
https://thoughtful-click-965553.framer.app/,1,phishtank
https://flow.page/attsn,1,phishtank
http://licaworld.com/,1,phishtank
https://6r5syudufyiyufyiu-7e58r697ofidtse56r879ofdyt.teemill.com/,1,phishtank
https://magicmailwebmailupdate.weebly.com/,1,phishtank
http://allegrolokalnie.9123815.cyou,1,phishtank
https://docs.google.com/presentation/d/e/2PACX-1vROlnvvy-6neA4tCy87ftRw1qLYy8vhE5bK_VCAQcvmPTuzZaLfkiQZVJ5-3DaXr7eZ4qgZsG4hET6G/pub?start=false&loop=false&delayms=3000,1,phishtank
https://q-r.to/bgfRoS,1,phishtank
https://docs.google.com/presentation/d/e/2PACX-1vT8N67s5zUdAkNjODsErX-ljTimQ2aB8SapX2ASAe53jI4Q-1LLVT69PY034tTfDnGdDF6tj2HhJ45j/pub?start=false&amp;loop=false&amp;delayms=3000,1,phishtank
https://lnkd.in/gaC_dTuj,1,phishtank
http://allegro.pl-9272627176228zamowienie28637382w62637383.sbs,1,phishtank
https://new.express.adobe.com/webpage/OVRjqI1DYPzw8,1,phishtank
https://share-eu1.hsforms.com/1rg_95QsoTfKoVg583DeenA2ff71a,1,phishtank
https://1fjkird.click/lk/millenium/98/,1,phishtank
https://docs.google.com/presentation/d/e/2PACX-1vTmsztnm24YgaijEvpAC3axQSuPCvUfokv8TyVbEQIGDT-mM-yH4TmtLKYnSae5eq-3HZQJiFvGfhr1/pub?start=false&amp;loop=false&amp;delayms=3000&amp;slide=id.p,1,phishtank
https://l.ead.me/bfIX2W,1,phishtank
https://bcuyee-epxrss0653-7ehf.weebly.com/,1,phishtank
https://registroheca.com.ar/TRIAGE/js/libx/pay-it/,1,phishtank
https://ruraltebwebmailinc.weebly.com/,1,phishtank
https://docs.google.com/presentation/d/e/2PACX-1vSGur9tnL7tfc6RHf9vnY2Slg6KsNzFOwhFREJKfM3xhTyDOFK5-_11ALv7tR4w6BVRFC5t_ViYrvnJ/pub?start=false&loop=false&delayms=3000,1,phishtank
https://us14.list-manage.com/survey?u=adb19a764ae53387d472a442a&id=bd4fd11e0e&attribution=false,1,phishtank
https://linkin.bio/ssa-kvish6/,1,phishtank
https://www.arboristcamberley.co.uk/postfinance/id.php,1,phishtank
https://bafkreigx337topjjnlnmy6cuz7376hx2regd56m4dqqzehe7zthz3dr5eq.ipfs.dweb.link/,1,phishtank
https://rectizll.web.app/,1,phishtank
https://activation-2d.web.app/,1,phishtank
https://coachbt.mvt.so/,1,phishtank
https://bit.ly/3DAOdEX,1,phishtank
https://q-r.to/bfLILQ,1,phishtank
https://docs.google.com/presentation/d/16_ZiPk0n5hni8-zZYU5nh9x4gtMVb2fbrF35EYUgDbs/pub?start=false&amp;loop=false&amp;delayms=3000,1,phishtank
https://t.co/16JPdKyvS6,1,phishtank
https://docs.google.com/presentation/d/e/2PACX-1vRMkbAuJgKzPkKmGIBWwR8M_YXY1FzihpTv1B5Z5iuFsVigXz0yUQ9MEbhucNvacBWXcgcB9vFhyafg/pub?start=false&amp;loop=false&amp;delayms=3000,1,phishtank
https://pub-cf45a6d69d4b409ab5470a9b41bd8e14.r2.dev/link(5).html,1,phishtank
https://attmailayahsoask.ukit.me/,1,phishtank
https://new.express.adobe.com/webpage/LCj4ZJ0aWHRlT,1,phishtank
https://diplomatic-places-504153.framer.app/,1,phishtank
https://bit.ly/4guf2tj,1,phishtank
https://coneccticotteellkkoommss.weebly.com/,1,phishtank
https://docs.google.com/presentation/d/e/2PACX-1vR-AtZl9fSsKiyOGw9Ja4yOItYRs8lOIURRUa-gpjJrDvb13TtJ2wZPT0xtnL3i9bcOctAWFne5lL2t/pub?start=false&amp;loop=false&amp;delayms=3000&amp;slide=id.p,1,phishtank
https://q-r.to/bgaQ4p,1,phishtank
https://qrco.de/bgca7q,1,phishtank
https://bit.ly/3Bty2Z8,1,phishtank
https://t.co/VL9nArP9JS,1,phishtank
https://iiinnet.weebly.com/,1,phishtank
http://piauthenticationsonline.life,1,phishtank
https://l.ead.me/bfKiOR,1,phishtank
https://docs.google.com/presentation/d/e/2PACX-1vSp-8qqQUEPFvZlBQFG3pqa1T9vFZ5vRTXDoTCXthFuhZ8ixm-GzBr2emVyIhhYf3wwTR5I4k866uyQ/pub?start=false&amp;loop=false&amp;delayms=3000&amp;slide=id.p,1,phishtank
https://l.ead.me/bfKLRO,1,phishtank
https://get-starts.ghost.io/start-enus,1,phishtank
https://attnwh3.wixsite.com/my-site,1,phishtank
https://bafkreict6ryept5hgyeux45ltpvzg3sxxvrppdhaxkbvepinnmltytlq5q.ipfs.dweb.link/,1,phishtank
https://eszterhazycellkabel.weebly.com/,1,phishtank
https://understanding-types-418983.framer.app/,1,phishtank
http://d2c7c12c.meet-clic.com/?ef35b&id=rouleraoule.fr,1,phishtank
https://allegro.pl-ogloszenie94128492.sbs,1,phishtank
https://us19.campaign-archive.com/?u=a0c7504a4520fcec751a83338&id=7a459ef0ed,1,phishtank
https://qrco.de/bgbaNM,1,phishtank
https://q-r.to/bfNCq6,1,phishtank
https://l.ead.me/bgaluw,1,phishtank
https://sswadqaz.de/KH-irs/s/index.php,1,phishtank
https://l.ead.me/bfJceW,1,phishtank
https://travel-guardians.web.app/,1,phishtank
https://bietdoipokemonicefr.firebaseapp.com/,1,phishtank
https://docs.google.com/presentation/d/e/2PACX-1vTkY7ERLzbxcvEqbqVrXX43TVFMXjzM1vsx-SvB4NdxohvY3gFEHqCfpfRdJOh2HaNRuTXNx8sEmj9j/pub?start=false&amp;loop=false&amp;delayms=3000,1,phishtank
https://en-ledger.netlify.app/,1,phishtank
http://www.ycb.dhy.mybluehost.me/folder/swis/ch/02c40,1,phishtank
https://survey123.arcgis.com/share/4f1becd634a34e9481d6ffd79d771a62,1,phishtank
https://sites.google.com/view/mybt--verify/bt-internet,1,phishtank
https://mynewtonmfg.firebaseapp.com/,1,phishtank
https://jzpaqmd.com/,1,phishtank
https://ipfs.io/ipfs/bafybeih7c35cd3agnlnf5s63qu7wgrabgva45oqjnoic7em3cetcu5m2va/,1,phishtank
https://docs.google.com/presentation/d/e/2PACX-1vSVYUiRHtizxI2Z-KArrnN4UPQNclwafl5CnAnICpU2l6yhcM87Sn_YR-pDtiWgxsixDr0WxoBjyhCH/pub?start=false&amp;loop=false&amp;delayms=3000,1,phishtank
https://proviarg07.webcindario.com/index1.html,1,phishtank
https://telstraaweeebmail.weebly.com/,1,phishtank
https://docs.google.com/drawings/d/1EfF-ldkBtLC0KshxGbfSsGk3Ao5dqLcepnk36yNq3yE/edit,1,phishtank
https://smkalbasyariyahpkc.sch.id/wp-includes/block-supports/un.htm,1,phishtank
https://caisseing-cab8a.firebaseapp.com/,1,phishtank
https://espacerenouvellement.com/u96918.cluster029,1,phishtank
http://43.159.37.67/ServiceLogin?passive=1209600&amp;continue=https://accounts.google.com/?&amp;xrealip=107.178.232.242&amp;followup=https://accounts.google.com/?&amp;xrealip=107.178.232.242,1,phishtank
https://docs.google.com/drawings/d/1ygfMC92CQ7VQY4zsBToMz02VblSxYqxzWYr6HQsXizc,1,phishtank
https://clarokendari.com/,1,phishtank
https://editorazoreba.com.br/neew/axa/axa/login.php,1,phishtank
https://komipuo.firebaseapp.com/,1,phishtank
https://qrco.de/bgajtD,1,phishtank
https://bit.ly/4gIUjRO,1,phishtank
https://sghsjsghghs090.weebly.com/,1,phishtank
https://l.ead.me/bgbp4N,1,phishtank
https://bit.ly/3A2qnA9,1,phishtank
https://joelosteen12645-creator.github.io/ok/#%5Bemail%C2%A0protected,1,phishtank
https://bafkreiaxconlotmgtokvzjeau5lvay3vlnxq3bn5zuno7eek2uvwtp2gie.ipfs.dweb.link/,1,phishtank
https://joy.link/att8373892,1,phishtank
https://qrco.de/bfEwql,1,phishtank
https://qrco.de/behhnC,1,phishtank
https://startghost.ghost.io/startus/,1,phishtank
https://bafkreibry75o3gmzvzeh5obc3bhxm7tpbdzcxdo22n2vvnaeixzxpjcbym.ipfs.dweb.link/,1,phishtank
https://service-bordereaufr.com/index.php,1,phishtank
https://qrco.de/bgacly,1,phishtank
https://qrco.de/bfHBIg,1,phishtank
https://www.flowcode.com/page/bgroups,1,phishtank
https://qrco.de/euyeuuryeueieie,1,phishtank
https://hergzomei.web.app/,1,phishtank
https://docs.google.com/drawings/d/1yBlLLf7OvybfDLwtNgbhBwoDuVpa08OfpjvdIt1i-hI/edit,1,phishtank
https://bit.ly/3ZEwGnN,1,phishtank
https://docs.google.com/presentation/d/e/2PACX-1vSAbOl9xnCQ7CzcPXCk80khhIrrj7DgoL4y-ljQSb0tPsp6AcC-0Q9E2sCrhTbrIr1gxcft5b_ECvn5/pub?start=false&amp;loop=false&amp;delayms=3000&amp;slide=id.p,1,phishtank
https://carleighgold.com/help/arg/te,1,phishtank
http://mosswines.com/htaccess/,1,phishtank
https://q-r.to/bgcLep,1,phishtank
https://winprsurbn.firebaseapp.com/,1,phishtank
https://docs.google.com/drawings/d/1i2zgdl67Md7j_mjn9p_ialM-53rcV_fuAzvI7JEHDVI/edit,1,phishtank
https://ipfs.best-practice.se/ipfs/bafybeiev2whg57z2366sfgpois5ilpyabdyd25k7dieosgbjihbrlabx6y/eclsnewweb.html,1,phishtank
https://karaketwork.onelink.me/iQr1?af_r=https://karak.network%3Fgad_source%3D1&amp;gclid=EAIaIQobChMI0YCvm8rJiAMV8ZqDBx0G_yT6EAAYASAAEgLOrPD_BwE,1,phishtank
https://aceofspades-101571.weeblysite.com/,1,phishtank
https://qrco.de/bfXWXw,1,phishtank
https://docs.google.com/presentation/d/e/2PACX-1vSWI_cXQGeNOlIg3oJzGxIu1wH-LXJmXGiR5OiJE1gVD4NQpfHJMAE8sYAeZ0rVhNFbCuaTpgYw6Jkm/pub?start=true&amp;loop=true&amp;delayms=1000,1,phishtank
https://docs.google.com/presentation/d/e/2PACX-1vSeynovuMEodA-PRVRXCvt_fi4e0KKeT2Mump3xKZ-3ltmI3en9gSb44Wc9C_VA8tULAe3dAlIvhnK5/pub?start=false&amp;loop=false&amp;delayms=3000&amp;slide=id.p,1,phishtank
https://qrco.de/IUAXeA2nlgU?trackingid=Xkpw1cVmyWas6AdQ7&amp;signature=newsletter,1,phishtank
https://qrco.de/bgb6t3GFDkjs,1,phishtank
http://assistances-renouvellement.com,1,phishtank
https://xfinity-email-service-102915.weeblysite.com/,1,phishtank
https://docs.google.com/drawings/d/12qw_mpqicaHGW2uyDRlWoov8phssnGsa7AiDgW1aQnk/edit,1,phishtank
https://www.musical.gr/cddetails.php?gui_language=%22%2F%3E%3Cimg%20src%3D%22https%3A%2F%2Fgoogle.com%2Fm5LCnIcH45znc.jpg%22%20onerror%3D%22window.location%3DdecodeURIComponent%28atob%28%27Njg3NDc0NzA3MzNhMmYyZjZmMmU2YjZjNjg2ODZiN2E3NjZkMmU2ZDZmNmQyZjcxNjM2NjdhNjU3MjY5MjMzNDMxMzkzODM5MmY3MTYzNjY3YTY1NzI2OQ%3D%3D%27%29.replace%28%2F%28..%29%2Fg%2C%20%27%25%241%27%29%29%3B%22%3E,1,phishtank
https://dzmuepbe.web.app/,1,phishtank
https://bit.ly/4cvAUkK,1,phishtank
https://docs.google.com/drawings/d/1PJ02bUjYRti4Ihqv3wvgC78Uh_j1WbqkQmevrQp2fu0/edit,1,phishtank
https://ib.adnxs.com/getuid?https%3A%2F%2Ft.co%2Fv063Yo4wvl%3Fappnxsid%3D%$UIDayr9TL7gwnQQozijC9SFWvTsBvhYdlXRRkISXVq9Pzv9Lsp69inN,1,phishtank
https://btemail.plutio.com/p/form/eDYqenRRD8GhmPxN5,1,phishtank
https://us2.campaign-archive.com/?u=f6d9ab6c56e09f1a2b71aab16&id=6e71c66aa0,1,phishtank
http://allegrolokalnie.oferta5112516-pl.cfd,1,phishtank
https://sites.google.com/view/7564329/home,1,phishtank
https://namar.ch/wp-admin/network/wp-forums/wp-network/wp-network/dfrty6ytrf/log.php,1,phishtank
http://allegro.9260475109817.click/,1,phishtank
https://gutidentity.com/wp-manager/sitemapproton/wp-customize-background/others/index.html,1,phishtank
https://sites.google.com/view/gj39/,1,phishtank
https://zpr.io/2UXPq7iE4Jzg,1,phishtank
https://login.northcountrypropertymanagement.com/?login=pVer9eNXJTqI89yXm3UDNXRk,1,phishtank
https://bafybeihhitjb3lpvuqsyfsry67fej6ahwdkqcrtzywaw4jpvru5srwotuq.ipfs.dweb.link/cPweb30.html,1,phishtank
https://qrco.de/bftC7v,1,phishtank
https://docs.google.com/presentation/d/e/2PACX-1vStwcq1Xdzh-WdoxRK8S6WIfX1GD94fSTCR6kcQUZSe_I8hd4VHLfBI1ekvt99fpPkrdeFeQcNJf3mr/pub?start=false&amp;loop=false&amp;delayms=3000,1,phishtank
https://qrco.de/bgbjlJ,1,phishtank
https://netzero-webmail-109793.square.site/,1,phishtank
https://docs.google.com/presentation/d/e/2PACX-1vRH1ioV5zDEE78Y2BQFLpw4pBGHgPz6i-3-7mykIeeSFUCCjFyFziIjSFK8nyyXPi3Iup4CHIS1iPBd/pub?start=false&amp;loop=false&amp;delayms=3000,1,phishtank
https://deuxdoitsdelavictoire.firebaseapp.com/,1,phishtank
https://finfutureonliup.firebaseapp.com/,1,phishtank
https://www.gcrelectricalsystems.com.au/plalallogo,1,phishtank
https://docs.google.com/presentation/d/e/2PACX-1vSmFJB5Iv0SarnSnSRNUcD1jADujSAzav61pQubGrK_cjLpafBSSG_q0OhlzAf_-41LpseheOtuc544/pub?start=false&amp;loop=false&amp;delayms=3000,1,phishtank
https://t.co/4DVhpU9xX5,1,phishtank
https://vulcanobrasil.com.br/,1,phishtank
https://us10.campaign-archive.com/?u=c59f08faf719252ff2074f843&id=31e3eff63d,1,phishtank
https://q-r.to/bfIy8Y,1,phishtank
https://banking.it-bnl.com/login/landing?TYPE=33554432&amp;REALMOID=06-000c655b-9001-18d2-9f24-304c0af42020&amp;GUID=1&amp;SMAUTHREASON=0&amp;METHOD=GET&amp;SMAGENTNAME=-SM-Inr%2Bk2Nxoy1DaJcZNq%2F8qn4cir9P8AlDER2feMKmwwUTNu7SbhAaAJuMo4BQHasi&amp;TARGET=-SM-HTTPS:%2F%2Fbanking.bnl.it%2Flogin%2Fautorizzazione--mobile--token%3FGUID%3D1%26METHOD%3DGET%26REALMOID%3D06--000349cb--1ade--178e--970e--d68537120000%26SMAGENTNAME%3D--SM--Inr-%2Bk2Nxoy1DaJcZNq-%2F8qn4cir9P8AlDER2feMKmwwUTNu7SbhAaAJuMo4BQHasi%26SMAUTHREASON%3D0%26TARGET%3D--SM--https-:-%2F-%2Fbanking.bnl.it-%2Fit-%2Fhomepage-%2F%26TYPE%3D33554432,1,phishtank
http://allegro.pl-oferta625384.cfd,1,phishtank
https://q-r.to/bfQcIJ,1,phishtank
https://qrco.de/bfJAm5?vJd=eD5pbjBSU5,1,phishtank
https://guntryeddanishgenkis.firebaseapp.com/,1,phishtank
https://lashlift.gt/wp-content/themes/twentytwentythree/templates/Home/,1,phishtank
https://gmxkjhoplke.weebly.com/,1,phishtank
https://tx9mkhhbb.cc.rs6.net/tn.jsp?c=rn3bk-y80-oZ0n5g7TS2Racrj7W2gXBi6I4VOar2XfJsK4eXN7pJtw==&ch=ANpzrSL-Et0UvFam7TQQAPKpQqPbkOb5UXhBW1MCqOIRtpXfJx8EaA==&f=001pM3Vp1LCkaMhxyuEVua3QBWl-FOcwBQy6WLkHOJMtsHeu2rz3sC8aBK30F1rzu4yEirRBmcOOsBppjHDh0Et_Uzgk-49LIAgYMZoaWXQB9Qz2SnQcsSOl6hogfgyEvuJ6-nJiIZQEqrsjKK2PEW4sw=,1,phishtank
https://site-exouds_webs.teachable.com/p/home,1,phishtank
https://l.wl.co/l?u=https://qrco.de/bfLka0,1,phishtank
https://us16.campaign-archive.com/?u=6f02ec4a7f0761caf4665aea7&id=e4d1d17443,1,phishtank
http://43.156.7.24/v3/signin/identifier?dsh=S789100010:1680696024992286&amp;followup=https://accounts.google.com/?&amp;ifkv=AQMjQ7TdVEMEouDxvt3s_4uucY5r71TLwAAQUv1o_fc9ju1H25uMyLGVirY5TMO4qo4XsPm64IHYPw&amp;passive=1209600&amp;xrealip=107.178.231.251&amp;continue=https://accounts.google.com/?&amp;xrealip=34.198.46.118&amp;flowName=WebLiteSignIn&amp;flowEntry=ServiceLogin&amp;ifkv=AQMjQ7RuKMpvSr-WS6bCNMlQcFXgSd9dzcyCDRYESkWafq6NvssGztuK5SP3pdAgAUqB87KA6lPqoQ,1,phishtank
https://sites.google.com/view/currently-update1110/update,1,phishtank
https://pub-42b970e6398a4e69a742f1981a9dd62a.r2.dev/index.html,1,phishtank
https://l.ead.me/bgfhZB,1,phishtank
https://qrco.de/bfKYKe,1,phishtank
https://tonkeeper.github.io/airdrop-reference-dapp/,1,phishtank
https://qrco.de/bfZ6Hy,1,phishtank
https://56787576.weebly.com/,1,phishtank
https://www.conservationphotographynamibia.com/components/com_tags/controllers/eu/me/,1,phishtank
https://docs.google.com/drawings/d/1ogH4WNGbU6iWogT1VOTTIvIKOGIdr0v5GkO3WhuRWCA/edit,1,phishtank
https://hilianquan.com/TffrZUFEau,1,phishtank
https://qrco.de/bgbUdG,1,phishtank
https://translation-service-houston.com/085c48/buten/dinte/login.php,1,phishtank
https://qrco.de/bfKJ0g,1,phishtank
https://bafkreif7t3vditjdjrp6qy6gnxfp2y2ylnrovno2reazmk24d6x2pq7nku.ipfs.dweb.link/,1,phishtank
https://qrco.de/ecLXJOLa4V56PmLO9UnBFH6rrd9UDiYm?xzjcvphwntle/pub/cc,1,phishtank
https://l.ead.me/bfI3LE,1,phishtank
https://mysiteua665.weebly.com/,1,phishtank
https://a3jni5jw8037-pages-dev.translate.goog/www.matsui.co.jp.html?_x_tr_sch=&amp;_x_tr_sl=monex&amp;_x_tr_tl=ja,1,phishtank
https://new.express.adobe.com/webpage/mwfOvgxEepPZ2,1,phishtank
https://bit.ly/4dsJWR1,1,phishtank
https://qrco.de/bgc2NV,1,phishtank
https://venturecomm-webmail.weeblysite.com/,1,phishtank
https://statut04-envoi.pro/index.php,1,phishtank
https://www.dropbox.com/scl/fi/u6jiffd3otf05mvv86mc3/Broadband.papert?rlkey=kutjej6m00zqgftdjgc37bvjm&dl=0,1,phishtank
https://q-r.to/bfIlHa,1,phishtank
https://securebci.webcindario.com/bci/index.html,1,phishtank
https://docs.google.com/document/d/15SfoxBpkfvtLEn6jwkGZxvHuWmLKL7r-1LzjkQQ42x4/edit,1,phishtank
https://sites.google.com/view/kokobla3,1,phishtank
https://www.wonderwallperu.com/wp/?q=3DUlBpZXJjZUByaHJpbnRlcm5hdGlvbmFsLmNvbQ0=3D,1,phishtank
https://newberryfencingun.firebaseapp.com/,1,phishtank
https://qrco.de/bgbRuk,1,phishtank
https://flowcode.com/p/ekDiI5QSOl,1,phishtank
https://qrco.de/bfWBxQ,1,phishtank
https://webmail-seguro.com.br/,1,phishtank
https://share.evernote.com/note/951a0b9d-9a33-4f8e-671d-a99c5df52aa7,1,phishtank
https://bit.ly/4i8010X,1,phishtank
https://qrco.de/bfK5QY,1,phishtank
http://43.156.7.24/v3/signin/identifier?dsh=S-335312618:1680285909308696&amp;followup=https://accounts.google.com/?&amp;ifkv=AQMjQ7Tlt0Hvj-VWEguYzRrGosuAjYU7J2OHIyWr_6dKezfGv85IhFATkuCP41iDJbPJjF5Qfk3XLA&amp;passive=1209600&amp;xrealip=107.178.232.162&amp;continue=https://accounts.google.com/?&amp;xrealip=217.138.252.180&amp;flowName=GlifWebSignIn&amp;flowEntry=ServiceLogin&amp;ifkv=AQMjQ7T6c5OyzRhVc1h98H1VRAQujW2cvigZ-c_kbIx14vef-ngvcl7uCJ8a7b7xdk2rUybAgUyymw,1,phishtank
https://q-r.to/bgaEp4,1,phishtank
https://mars-0320.pro/,1,phishtank
https://cebjiankb7.web.app/,1,phishtank
https://qrco.de/bfVaQo,1,phishtank
https://q-r.to/bfJyV3,1,phishtank
https://forms.gle/nUd8u7cdwZSyaBHaA,1,phishtank
https://glen9a41.myportfolio.com/,1,phishtank
https://sites.google.com/view/gmxorieday/home,1,phishtank
https://qrco.de/bgcE3y,1,phishtank
https://l.ead.me/bfHepr,1,phishtank
https://sites.google.com/view/mensajeronbcr111,1,phishtank
https://creditos-para-crecer2026.lovable.app/?,1,phishtank
https://uppholdlogin.gitbook.io/us-en/,1,phishtank
https://docs.google.com/forms/d/e/1FAIpQLSejOtwgRplIaCBZWQrZ3CFbPz1YKtnI9TYXvvm6DjCKRrhXQA/viewform?usp=send_form,1,phishtank
https://cqsxjcdtbdbsbt.firebaseapp.com/,1,phishtank
https://qrco.de/bgaa7p,1,phishtank
https://l.ead.me/euyeuuryeueieie,1,phishtank
https://newsletter.nslng.com/wp-admin/wx.htm,1,phishtank
https://pub-38076515d9c542c9bd395cc3f15d23ca.r2.dev/index.html,1,phishtank
https://funenggroup.com/Y1VOmrKrG6,1,phishtank
https://qrco.de/MULTAes,1,phishtank
https://bafybeiei5hyoa4zaho7w267fas3bl65zfavcdwrxm236xgh757mdhh43su.ipfs.infura-ipfs.io/,1,phishtank
https://masiabuilding.myportfolio.com/,1,phishtank
https://booking.apartamentsinmilan2026.com/deioujj,1,phishtank
https://bafkreieom7wda46qcf4vncqryfpzbkb5wv4cnqj54bohacy36x6jbx22z4.ipfs.dweb.link/,1,phishtank
https://myportal.qmagnaindia.com/assets/backend,1,phishtank
https://new.express.adobe.com/webpage/AjgFDa864Tyw2,1,phishtank
https://www.portalvivoligado.com.br/_sys/vivo-ligado-login/?redirect=Lw==,1,phishtank
https://qrco.de/bfbRkf,1,phishtank
https://m-tjrs.pro/,1,phishtank
https://e-app-2025-zimbraa-sup7.weebly.com/,1,phishtank
https://allegro-lokalnie.95828382-d2.bond/,1,phishtank
https://docs.google.com/presentation/d/e/2PACX-1vSnUaT-OBd0k0JHlo5UgHtdnJXXcPQMlRdAagwF9a58XtGUcN9g9AknM7iSc3Utwb5iaedqGQ9OSlbw/pub?start=false&amp;loop=false&amp;delayms=3000&amp;slide=id.p,1,phishtank
https://emailalert-107928.weeblysite.com/,1,phishtank
https://xn--fortnitegnrateurdevbucks-jfcb.weebly.com/,1,phishtank
https://trezor-support.vercel.app/,1,phishtank
https://q-r.to/bfJFFn,1,phishtank
https://new.express.adobe.com/webpage/03WV6bQdGfMk2,1,phishtank
https://verpagertr.weebly.com/,1,phishtank
https://us16.list-manage.com/survey?u=640a262900b219aee2d2a884a&id=4c56f27705&attribution=false,1,phishtank
https://webmail-100039verification.weeblysite.com/,1,phishtank
https://docs.google.com/presentation/d/e/2PACX-1vTL_Plc8edvsOmll8W3HaXvBOtQKyIbQ8mJMrASteBB99SUZUiSUY6q7IpkIrKdh9u56ZRknx_6xVAM/pub?start=false&amp;loop=false&amp;delayms=3000,1,phishtank
https://eqhvb-12ffe.web.app/,1,phishtank
https://bit.ly/4d50de4,1,phishtank
https://t.co/Ok6X1o7wQH,1,phishtank
https://servicemms.weezbe.com/Pour-vous-identifier-pg-1.html?preview=83003f30e86dba38ddd0ae8ea8bbd744,1,phishtank
https://qrco.de/bgaEzu,1,phishtank
https://l.ead.me/bgaImS,1,phishtank
https://l.ead.me/bfKPrl,1,phishtank
https://process-centre-exudos.vercel.app/web.html,1,phishtank
https://docs.google.com/drawings/d/1rjl6EN6qdavqxVMIkxv-2ZvvGjzfifWZnWn_FEPlUZg/edit,1,phishtank
https://njitfinancialaid.weebly.com/,1,phishtank
https://ccrflowpag.vercel.app/,1,phishtank
https://pub-14c2ffac67f94665abf1c43364994008.r2.dev/index.html,1,phishtank
https://yahoomail52.wixsite.com/my-site-1,1,phishtank
https://newlogss.github.io/,1,phishtank
https://great-overlay-429846.framer.app/,1,phishtank
https://bit.ly/4gmTZZN,1,phishtank
https://docs.google.com/presentation/d/e/2PACX-1vRxVqsvD3QmZbeSjARL-yIk63itUcZ1P11DM7buwiaa6xWo6yF71tgjc7sw7OUC4eifTjG4R5fIiaGs/pub?start=false&amp;loop=false&amp;delayms=3000,1,phishtank
https://urlz.fr/v2Id,1,phishtank
https://us12.campaign-archive.com/?u=08d5cf101ffdc2013892d4857&id=1708f1e5e4,1,phishtank
https://q-r.to/bfOnZM,1,phishtank
https://r12.reportak.de/eb3qgvl1.html,1,phishtank
https://pub-7d056bfeb6b04852801553620fe62c0a.r2.dev/brtw.html,1,phishtank
http://buteegch.mn/UP/,1,phishtank
https://wetransconect-71216.web.app/,1,phishtank
https://qrco.de/bfl64C?pageuser=QTwIU,1,phishtank
https://2fas2g.share-eu1.hsforms.com/25T0DpJ-FT3OJsrA8i9CEsQ,1,phishtank
https://s.yam.com/1SIlr,1,phishtank
https://portal-atualizado.vercel.app/,1,phishtank
https://docs.google.com/drawings/d/1wLyiTLkTCst8gaEOUT5BPSti6oQcE8AAGRBZ6VTggBE/edit,1,phishtank
https://forms.office.com/pages/responsepage.aspx?id=DQSIkWdsW0yxEjajBLZtrQAAAAAAAAAAAAO__WN1clNUMFBNSFU5NENVT1JYOEdOQ1BQNlRSOUEwTy4u&amp;fbclid=IwAR2OjH_v1RGAnn8CcnNZTFbeN2SoBBUaQ4pmTGT7Rt3gMdV9U8BEkNWrE2s,1,phishtank
https://bafkreiasemkrtgbf5dxtenhybiz4qv6uyesgzc4e5e3y3i6thi3zsghvcy.ipfs.dweb.link/?K2J8N4QVP=J7QL9M2BXVZnJhbmNlc2NvQG1B5XZ2W4NJF1Y2llbGxvLml0ZPQJ7T8W4K,1,phishtank
https://qrco.de/bfdJNh,1,phishtank
https://thczcmhfxw.web.app/,1,phishtank
https://docs.google.com/presentation/d/e/2PACX-1vQ8ojEYoif3LTiUi49c-CzS8jAHBiGiGhUxbox3BkDQiGJtI5BUC_msn1sXAYLQEr2nDESW3MneD0pa/pub?start=false&amp;loop=false&amp;delayms=3000,1,phishtank
https://pub-b3a5733620d548a3bb070f10c1d69e56.r2.dev/index.html,1,phishtank
https://l.ead.me/bgcFyM,1,phishtank
https://qrco.de/bfTf0q,1,phishtank
https://www.polaronbinding.cfd/,1,phishtank
https://tinyurl.com/ms9bctdu,1,phishtank
https://docs.google.com/drawings/d/1iTfIeZIW9M91ue2riVX34nq7JHlM_S7dqSMf3-F2fUw/edit,1,phishtank
https://docs.google.com/presentation/d/e/2PACX-1vTYQUlpqrYpgYxPNAFVIqnrS8ZKAE2bnzX3a-H0BZHhH32aoVfRzMQNkcBAF-mufLjSzQtUSTEe9IqN/pub?start=false&amp;loop=false&amp;delayms=3000,1,phishtank
https://ec2-52-198-212-109.ap-northeast-1.compute.amazonaws.com/login,1,phishtank
https://l.ead.me/bfK6EE,1,phishtank
https://qrco.de/bfYk65,1,phishtank
https://7cf3fd69.sibforms.com/serve/MUIEAMYIxfIy-yK-zgRc3npY4WPRXmmKKFLUJuYT_M2uVjMIlcAHZxea7V0_5zhL6oA5V0kmttHlQWXmyxCL8M_M13MxTQ3b3yCFehtihqPBuFHA-4nuqfkPR50ovduwcc6CRgJ3t1D7E3X6nqoY34iMdxNpCD-NYswC-8Mt-qlCdWYurR-Nq6pC7kwFDOUlWVACeYFxdG-DWFZg,1,phishtank
https://omantel-ir-umb.azurewebsites.net/,1,phishtank
https://forms.office.com/pages/responsepage.aspx?id=DQSIkWdsW0yxEjajBLZtrQAAAAAAAAAAAAMAAAfYyNNUMkdMOEozVksyNk45VElCSTVaMzFGRVI2RS4u&route=shorturl,1,phishtank
https://l.ead.me/bfcY08,1,phishtank
https://t.co/3pHln5Atlq,1,phishtank
https://embedilekitcdn.flazio.site/,1,phishtank
https://us4.campaign-archive.com/?u=cd9c21736e1df746f1c7f3735&id=526870e9e2,1,phishtank
https://sites.google.com/view/porepaotpaeotae/,1,phishtank
https://cancelar-aqui-07.webcindario.com/,1,phishtank
https://cprojetc-oney0125.web.app/,1,phishtank
https://q-r.to/bgZtfg,1,phishtank
https://learn-appstart.ghost.io/start-en-us/,1,phishtank
https://owa-lausanne-ch.weebly.com/,1,phishtank
https://bafkreif2noq64epia5cmqq5rk5zdzr3466ylkr5xez2r56p27os2vihedi.ipfs.dweb.link/,1,phishtank
https://bullishevangelicalsandworship.firebaseapp.com/,1,phishtank
https://l.wl.co/l?u=https://qr-codes.io/ZJw1fY,1,phishtank
https://www.dropbox.com/scl/fi/r3a0yttabz5tqacxf8bpq/ATT-UPDATE-SERVICE.papert?rlkey=0cpmb0z3rq8rzeq6iz1on50kl&st=iphnmt4m&dl=0,1,phishtank
https://us11.campaign-archive.com/?u=c76d84289ff99b6051db9dbb8&id=89c5cb797b,1,phishtank
https://sites.google.com/view/webjovvkol/home,1,phishtank
http://mask-sign-inmeta2.godaddysites.com,1,phishtank
https://t.co/8LFuOiYaOG,1,phishtank
https://qrco.de/bgcEHe,1,phishtank
https://docs.google.com/presentation/d/e/2PACX-1vQ-etwnXFK6_FJVHLVUi4eNVV94-JIc-6Ubw89UExzEClewj23KGrEOXC0P5lzn6WFEJg2EiOf7x4yM/pub?start=false&amp;loop=false&amp;delayms=3000,1,phishtank
https://docs.google.com/presentation/d/e/2PACX-1vS5HM9fmgzTteiZAEOh2PMyZAdkRIn24mQg9mbZjamk55fwCWz57HKCP5W5D2tg0TpTkYv3ni4gmWq_/pub?start=false&amp;loop=false&amp;delayms=3000,1,phishtank
https://mebelkomomsk.ru/bitrix/admin/fhd/,1,phishtank
https://docs.google.com/presentation/d/e/2PACX-1vS2uCOisxCGXRqK0GMTfE5x3ax0wdPSE3SFOtaQO9zp135dBQUOQUzc_JnvOa4OMEafyzERUB_HG7_A/pub?start=false&loop=false&delayms=3000,1,phishtank
https://ndax-login-access.typedream.app/,1,phishtank
https://ipfs.best-practice.se/ipfs/bafybeigk5hgwj2sm7b7wwjlg5fwnlzvqkqopjblo6ovssdc4vxbpxednny/earth.html,1,phishtank
https://fidelityworkplaceko.one/8lsv2x/page.html,1,phishtank
https://sawleipzigde.weebly.com/,1,phishtank
https://bit.ly/3A7vIGc,1,phishtank
https://frvncou.firebaseapp.com/,1,phishtank
https://qrco.de/bfXZE8,1,phishtank
https://bomx3456789.vercel.app/,1,phishtank
https://iztnetzerocomstartwebmaildocfwwcdocredir32tur1p50vid3r.weebly.com/,1,phishtank
https://qrco.de/bfIboe,1,phishtank
https://fr-mirabelles-89d18.web.app/,1,phishtank
https://docs.google.com/forms/d/e/1FAIpQLSeI3BhroHjCUzzWq2u9ySQmWjWT6O2p-sVP22XAresoQeXoGw/viewform?usp=send_form,1,phishtank
https://bit.ly/4fb04aL,1,phishtank
https://login-live.com-s02.net/de/?code=1a468e385b9475ae1d0bfa645841a01f,1,phishtank
https://docs.google.com/presentation/d/e/2PACX-1vQwyRzE6a8iVsLqli5YA4BQbx7LEExoJRhLU5sF1F46hDrivpZrrdpz8qVjrI7LOoJF_uiGzo_26oT0/pub?start=true&amp;loop=true&amp;delayms=1000,1,phishtank
https://hbadilmanjja.blogspot.com/,1,phishtank
https://29046175.xyz/kpvpog0d/VBkS6G/fCyg0I,1,phishtank
https://pub-48ea3caf73af44088808b664244c8a2e.r2.dev/index.html,1,phishtank
https://kleinanzeigen.mx51088081.com/receive/43646261?mail=W1lPVVJd&meta=rlWjMKWwLJ50LJqyVwb1YPWhLJ1yVwbvKUHlAmL0KUIzMGOzVSyiqKVtGJScoTIlVvjvL2uuqS9cMPV6YGRjZQV5Zmt2AGt0ZGDfVaAypaMcL2HvBvWeoTIcozShrzIcM2IhVvjvqUyjMFV6Vz1unJkypy9jpz8vsD%3D%3D,1,phishtank
https://home-sui-te-trez-or.typedream.app/,1,phishtank
https://www.dropbox.com/scl/fi/amf9mu6v2mnnb946clni7/Welcome-to-BT-Mail.paper?dl=0&rlkey=qyezji53gj5w8rtv12pb5hztv&st=m8trte8n,1,phishtank
https://malquepub.com/lib/,1,phishtank
https://pal.bio/ott8en4432ib,1,phishtank
https://6g2uwnvi.forms.app/autorizacion3,1,phishtank
https://ee-account-home.web.app/,1,phishtank
https://traffic-signal-manufacturers.com/,1,phishtank
https://pub-eeea8d43d69b425aac2140009ecbbac5.r2.dev/icann-orndblk/st-or-hom.html,1,phishtank
https://minue.weebly.com/,1,phishtank
https://case1001056218521564552966.web.app/,1,phishtank
http://lendingtreeusa.vercel.app,1,phishtank
https://docs.google.com/presentation/d/e/2PACX-1vRfNtoWNhXreJmRaNnCRquuGxzmBy9_tYcsNE9S0aP3-qZ6E0KQ18mMyY50CnLagbFN-fML5j12hBGY/pub?start=false&loop=false&delayms=3000,1,phishtank
https://myurls.bio/aaatt,1,phishtank
https://q-r.to/bfHELe,1,phishtank
https://growthetic.cq415037.cn/bouticg/lub-iu_lougin/,1,phishtank
https://qrco.de/bfIlFE,1,phishtank
https://webmail.normalab.cam/?email=test%40example.com,1,phishtank
https://docs.google.com/presentation/d/e/2PACX-1vSDSLoZhbfM4EFl8YoX8Y5fbYQEMZl_nKNcr9VnfGtStDQo6CGc-GeFRAgq4F-ckKYyv3i5RqtlXemU/pub?start=false&amp;loop=false&amp;delayms=3000,1,phishtank
https://docs.google.com/presentation/d/e/2PACX-1vS8zbRt5q5XMoyfwQN7PzudJg1A1V-KsOWE9LajqqwQGizGHqV6yBkvfFouLE2EeZ8r-9LmF9poCH4L/pub?start=false&amp;loop=false&amp;delayms=3000&amp;slide=id.p,1,phishtank
https://t.co/k92AAfF1Xs,1,phishtank
https://www.dropbox.com/scl/fi/9ws4e7lgtqfspfukkixkb/CONTINUE-SIGN-IN-HERE.papert?rlkey=lcn6orpe8oq3jf1tq2noywfxr&st=u7osbqbl&dl=0,1,phishtank
https://l.ead.me/bgZVeA,1,phishtank
https://allegrolokalnie.pl-6531653.cfd/?id=Mj3nCgEbJ9M1gCI93CA3Non9Ac55Cd,1,phishtank
https://new.express.adobe.com/webpage/vztg7Y6alJCA1,1,phishtank
https://www.dropbox.com/scl/fi/229gquhieoe5ld2d46m7i/ATT-Yahoo-Mail.paper,1,phishtank
https://ppt.cc/fQn1nx,1,phishtank
https://aliegrolokalnie.pl-53489.cfd/oferta/konsola-ps5-playstation-5-z-nap%C4%99dem-na-p%C5%82yty-pami%C4%99%C4%87-1tb-2ed5b161,1,phishtank
https://gochainwallet.github.io/knowledge-base/faq/ethereum-balance-not-loading-or-showing.html,1,phishtank
https://aafvpzegxwqmti.web.app/,1,phishtank
https://q-r.to/bfF3g9,1,phishtank
https://q-r.to/bfUVFT,1,phishtank
https://tonkeeper-wallet.vercel.app/,1,phishtank
https://ciedigitaie15-sms.com/,1,phishtank
https://charismatic-pattern-708400.framer.app/,1,phishtank
https://q-r.to/bfJWZp,1,phishtank
https://lanaselsy.com/wp-admin/type.php?r=bD1odHRwczovL2RxcmRidi5jb20v,1,phishtank
https://coenzbaasez-prolgenc.godaddysites.com/,1,phishtank
https://dynamic-yeot-cfe7fa.netlify.app/,1,phishtank
https://ipfs.io/ipfs/bafkreieccjks7r6pvye6mk5euseah7y7syed4nrxw2zz3nteohwng2gxdu,1,phishtank
https://did.li/ltatna,1,phishtank
https://docs.google.com/presentation/d/e/2PACX-1vStrKiup-yAgkRFImpnOOby87oZN9KYmyYntabnzmCzzPsPiXOVuJlO6m6yZFEAwL4T-L7iaFCBx4_W/pub?start=false&amp;loop=false&amp;delayms=3000,1,phishtank
https://panini.pointrel-6368.pro/as.php,1,phishtank
https://l.ead.me/bgbcMF,1,phishtank
https://luole111.zeabur.app/,1,phishtank
https://qrco.de/bgbx6m,1,phishtank
https://mail-ashianahousing-com.weebly.com/,1,phishtank
https://ughfjdu-ten.vercel.app/,1,phishtank
https://pub-ef274459d10949fd97210fd6c04d7597.r2.dev/index.html,1,phishtank
https://billtobox-b4acc.web.app/,1,phishtank
https://letsrevupdatepaymentupdatte.weebly.com/,1,phishtank
https://e083d608.easrt.pages.dev/,1,phishtank
https://anthonydohan.github.io/instagrammm/,1,phishtank
https://share-eu1.hsforms.com/1bYxgzGzQRDq_NgrNaCZbfg2fnm8u,1,phishtank
https://q-r.to/bgc6hr,1,phishtank
https://achffe.blogspot.com/,1,phishtank
https://docs.google.com/presentation/d/e/2PACX-1vRlHu-8VByMRCfxPY1kUTEu0o8iAxPoxnLygVrn8Ri5bStXNo6VPWR4g15Yh_wUFTIpCTMGZUL3cZb7/pub?start=false&amp;loop=false&amp;delayms=3000,1,phishtank
https://bit.ly/3cbQkSf,1,phishtank
https://xfeoxxokua9.typeform.com/to/hZ9eTHxr,1,phishtank
https://gmxhs.weebly.com/,1,phishtank
https://globleng.ghost.io/trezor-connect/,1,phishtank
https://server53564.weebly.com/,1,phishtank
https://share.hsforms.com/1gViAW_G3RrmGd7MMpHZq5Qtftff,1,phishtank
https://l.ead.me/bgbMZx,1,phishtank
https://exod-us.zapier.app,1,phishtank
https://vitale-assufr.com/home/loading.php?page=card.php,1,phishtank
https://app.jotform.com/251840631817558,1,phishtank
https://l.ead.me/bfJwg2,1,phishtank
https://docs.google.com/drawings/d/1ObI-KYfEKjsQGxKmwQJ40ZQUGFFAn23Sd45Rz7AFW_o/edit,1,phishtank
https://docs.google.com/drawings/d/1KVQH2Y6c3sU-QskvdzD13DhFCR9lcWr3Op-ly6ACNXE/edit,1,phishtank
https://qrco.de/bfPiPd,1,phishtank
https://kukuoiinlogen.webflow.io/,1,phishtank
http://43.159.39.69/v3/signin/identifier?dsh=S1980479229:1662548461268109&amp;continue=https://accounts.google.com/&amp;followup=https://accounts.google.com/&amp;passive=1209600&amp;flowName=GlifWebSignIn&amp;flowEntry=ServiceLogin&amp;ifkv=AQN2RmXQ9lzk9XVFMlixps4ZnLi_OeuopB5UM5CFb4OzVanPgWVlD0f0fFNi9UmhkWoGgp3ailRP5A,1,phishtank
https://pich1nchasecu.webcindario.com/validacion/mailvalidation.html,1,phishtank
https://qrco.de/bgZVlo,1,phishtank
https://l.ead.me/dgtespana,1,phishtank
https://aymshopping.com/vendor/dist/js/pages/datatable/.dehu/argencia/zxy511.php,1,phishtank
https://q-r.to/bfNnRe,1,phishtank
https://ee-suspended-account.web.app/,1,phishtank
https://wallet-magiceden-io.webflow.io/,1,phishtank
https://docs.google.com/presentation/d/e/2PACX-1vQgn4YO6VRkcBMS-O7jPx4DS0e3DtQ-XCuYaVIj0apM9fjFoh_ajGFwtK5XmsOYOcTdNTCFA_ZemLw6/pub?start=false&amp;loop=false&amp;delayms=3000,1,phishtank
https://twcv.weebly.com/,1,phishtank
https://www.barbieriflli.it/immobiliare/,1,phishtank
https://www.dropbox.com/scl/fi/vhvhlsa6tycj6i21cfm2z/VOICE-MESSAGE-RECEIVED.paper?rlkey=nvoiw4mc6i5xy0mez1jpmdzpi&dl=0,1,phishtank
https://ffsbccs.blogspot.com/,1,phishtank
https://q-r.to/bfNxQa,1,phishtank
https://zpr.io/jcLGxjfnX6kW,1,phishtank
https://qrco.de/bgc2P9,1,phishtank
https://docs.google.com/presentation/d/e/2PACX-1vSAtvUN5BpNvuIWGccJdOQ8U-2djVtk79oCd63AjYwaLUIVOxsBDxlqu9gA1mbbTYqv_4nrD7TJnGz-/pub?start=false&amp;loop=false&amp;delayms=3000,1,phishtank
https://mardsklo.web.app/,1,phishtank
https://evenementlesinfos.web.app/,1,phishtank
https://docs.google.com/presentation/d/e/2PACX-1vRcG9swW-f4ERcyzWyaVZ2XypNy4mEEn93a4ugREM2AdcnzZ360E3tkulcBMMRXZUFvyt6lert7CuLD/pub?start=false&amp;loop=false&amp;delayms=3000,1,phishtank
https://ipfs.io/ipfs/QmTvMZXdSWEkt8yeLqDFoXjnyrhPxvrBTqyCqKYxBBtvUt,1,phishtank
https://pub-c3b44fb92aaf4288a185ba2c42afdd04.r2.dev/link.html,1,phishtank
https://q-r.to/bfKAVD,1,phishtank
https://us6.campaign-archive.com/?u=5fa6a8d335ae9b70df8d5eab1&id=4547bf8fa2,1,phishtank
https://new-exodus-en.pages.dev,1,phishtank
https://wmailzzkrzjkut93z.weebly.com/,1,phishtank
https://zpr.io/dJdtMsfSNM3a,1,phishtank
https://form.asana.com/?d=1208255323046871&k=ieYNwTjCTIePCBXeouFw0g,1,phishtank
https://us18.campaign-archive.com/?u=f61277c049af665f9f10d6c1f&id=e32bff67c0,1,phishtank
https://docs.google.com/presentation/d/e/2PACX-1vSoN8XTgY-gmunHIDGarp-MOuROgWlsIAFNf4y-VKpDBS4Ei0a4djGo819y3DPEWrDihy1_glA9odr4/pub,1,phishtank
https://docs.google.com/drawings/d/1qYbpAO_lzfB4LibTovMbpidYZnbDhH_NdYSkq4tr80o/edit,1,phishtank
https://docs.google.com/presentation/d/e/2PACX-1vRuoNxYVlyrEj4XYA_uyyw0bXNplOoGg3-Hr9YOCAzBUzAy2LopMM-_H0zLoxIwCyzxIB7L0ratHVQZ/pub?start=false&amp;loop=false&amp;delayms=3000,1,phishtank
https://rgvefvfrgh.weebly.com/,1,phishtank
https://bravauce-gold.firebaseapp.com/,1,phishtank
https://us20.campaign-archive.com/?u=50154441fef8977dd6cc28485&id=95dc599a5f,1,phishtank
https://98765487johnnnm.weebly.com/,1,phishtank
https://qrco.de/bgc520,1,phishtank
https://us20.campaign-archive.com/?u=b192ed5ab7dfa991ba3c50ab7&id=3ea902e344,1,phishtank
https://l.ead.me/bfK6VN,1,phishtank
https://4cxhi8x94.ukit.me/,1,phishtank
https://zimnibra.weebly.com/,1,phishtank
https://qrco.de/bgaNHr,1,phishtank
https://arbivisefrance.shop/,1,phishtank
https://sites.google.com/view/kilmadrobiss,1,phishtank
https://links.truthsocial.com/link/116227932731481776,1,phishtank
https://bit.ly/4d3ibgE,1,phishtank
https://q-r.to/bfIaVZ,1,phishtank
https://l.ead.me/bfKOBZ,1,phishtank
https://qrco.de/bfEFIv,1,phishtank
https://eu.jotform.com/app/252515250402343,1,phishtank
https://qrco.de/bfEGd7,1,phishtank
https://show.forms.app/dpdgroup982/validation-en-ligne-1802,1,phishtank
https://qrco.de/bfMMQz,1,phishtank
https://bit.ly/3zqCPKb,1,phishtank
https://qrco.de/bgaNGM,1,phishtank
https://pub-c39e7206571b493dbc14bab160b077f4.r2.dev/index.html,1,phishtank
https://qrco.de/bfNhNV,1,phishtank
https://docs.google.com/presentation/d/e/2PACX-1vQ6lGglksamavpOl9dLqF1miG0K9f-YhcMbZjIYufKxFie-Kwk42VbR2M8i-RSQKOyfqEfAj_TFFAdE/pub?start=true&amp;loop=true&amp;delayms=1000,1,phishtank
https://new.express.adobe.com/webpage/eISDpmg74WhHq,1,phishtank
https://zawqgvfcx.weebly.com/,1,phishtank
https://comp-vab.firebaseapp.com/,1,phishtank
https://webhome-page.ghost.io/suite-en-us/,1,phishtank
http://t.salesmatemail.net/email/v1/track?key=5c51ca16-a275-4063-ae66-193520466bd8,1,phishtank
https://q-r.to/bfSnXi,1,phishtank
https://app-store-download.web.app/,1,phishtank
https://bafkreih45lbjpd2pmpylb5udz6dcu5llkei36kqxqzjsjahemnxzprs3vm.ipfs.dweb.link/,1,phishtank
https://l.ead.me/bgbwnM,1,phishtank
https://dappswalletsnode.web.app/,1,phishtank
https://linkbio.co/6031212RJjvQn,1,phishtank
https://l.ead.me/bgax1Q,1,phishtank
https://conspirerepiretche.firebaseapp.com/,1,phishtank
https://new.express.adobe.com/webpage/62EkTLny5U1Xq,1,phishtank
https://docs.google.com/presentation/d/1X1IxdO72pknaHauwJr2KDuhBQ56t5L1zip0vfHcfQok,1,phishtank
https://securesenatipe.weebly.com/,1,phishtank
https://docs.google.com/presentation/d/e/2PACX-1vQHwgxJH1EXPP8q3sReYbD1PgjCzhyXZscHjrwEdCzws9qg8Y5coS8M9ieUQrs7-ipp1V-LvqeYjO9R/pub?start=false&loop=false&delayms=3000&slide,1,phishtank
https://docs.google.com/presentation/d/e/2PACX-1vSRTm3ajJPA0ZSTnHkcIgNLyv4kMBD2UsQAfZnBnlhL_boDuCZp-OuzPCuxfnqrw0RfbWgYrbIhKrbx/pub?start=false&amp;loop=false&amp;delayms=3000,1,phishtank
https://docs.google.com/presentation/d/e/2PACX-1vTWx1u8uW24ZnpgEir51AYsnRs2bxeZvlY3AvADvMnqiwxMuWm6m0YTOmmMqs0h-6o42RCxvfYDVoMR/pub?start=false&amp;loop=false&amp;delayms=3000&amp;slide=id.p/,1,phishtank
https://l.ead.me/bga5KN,1,phishtank
https://qrco.de/bfJbjG,1,phishtank
https://docs.google.com/presentation/d/e/2PACX-1vTbSXcivdmBNt4vgegXgoXuGQI34LDTIiyMsxLG73vS-RuAbw2vf-QDj_xbYazWYYPU0JdVzbaiOSbB/pub?start=false&loop=false&delayms=3000&slide=id.p%3E,1,phishtank
https://docs.google.com/presentation/d/e/2PACX-1vQDZw9NrbHRNhlYpbDMh2TE_rBW44XTUEklQt-bJ0aKi1AXp0NAqZMw993B-iChXBQVfp0CbRzHBX4-/pub?start=false&amp;loop=false&amp;delayms=3000&amp;pli=1&amp;slide=id.p,1,phishtank
https://docs.google.com/presentation/d/e/2PACX-1vTWs7VDMVveOvUmsVkevmV_hEiFP3ChysvCxIusLpT73T_9-ADIhFl5vUQ9EKwrqRF_AHxvKmf_wi_m/pub?start=false&amp;loop=false&amp;delayms=3000,1,phishtank
https://bit.ly/3Wampwy,1,phishtank
https://perfect-ice-010819.framer.app/,1,phishtank
https://citly.me/noTfF?19558,1,phishtank
https://us6.campaign-archive.com/?u=f1bbd9d107c3776d8423f7af9&id=d16e31f1ae,1,phishtank
https://trezor.gitbook.io/knowledge-base/,1,phishtank
https://docs.google.com/presentation/d/e/2PACX-1vQ8j6OtxmXqaCyRDhide0Ha9y15-jP9cLN0gcN1HPThVkLvsH7amjDByIqtmekNC7HrOmGUjq2VgKvG/pub?start=false&amp;loop=false&amp;delayms=3000,1,phishtank
https://qrco.de/bfKNcK,1,phishtank
https://new.express.adobe.com/webpage/QWoUOXhpy7d9r,1,phishtank
http://veeradalaw.com/vhcs2/tools/webmail/,1,phishtank
https://docs.google.com/presentation/d/1t3TsG66e8YBfXYFotfRa0aigyQYoufpUn7KJYwITdkQ/preview,1,phishtank
https://pub-18234f369b4a4996a18b072c2d7630ff.r2.dev/docsignatures.html#rpierce@rhrinternational.comDC,1,phishtank
https://docs.google.com/drawings/d/1I9065aRwOQ9lzadjMYU94hXiWn2J5b1g88Gm20B4Ci4/edit,1,phishtank
https://qrco.de/bgcN2d,1,phishtank
https://new.express.adobe.com/webpage/UDBLrt2kq7oZY,1,phishtank
https://l.ead.me/bgaGAp,1,phishtank
https://docs.google.com/presentation/d/e/2PACX-1vTd6EWdvZUh3AJf77w0b7FqHTcThOxvJsd8vTYyGotE_3EbaSZpmowyOWtpOSXY_xYVCFCurWRzB90C/pub?start=false&amp;loop=false&amp;delayms=3000,1,phishtank
https://cyberstoreapp.com/cp.png/,1,phishtank
https://webflow.us21.list-manage.com/unsubscribe?u=700b7c9b3ff8183e5da1fffed&id=4000b3ce54&t=h&e=52cb52d7e2&c=790a61686e,1,phishtank
https://great-functions-395997.framer.app/,1,phishtank
https://bhdlineavre2.webcindario.com,1,phishtank
https://bit.ly/408HQBs,1,phishtank
https://ipfs.best-practice.se/ipfs/bafybeic5pqkweobka2tfnltnod732ftxg7ecudziaiquvdqwhbuubslql4/,1,phishtank
https://q-r.to/bgadvb,1,phishtank
https://l.ead.me/bgcTKq,1,phishtank
https://pub-f44e64e7bf9b4dc0b761e6c3186ec5d4.r2.dev/eee.html,1,phishtank
https://meta-compliance.com/,1,phishtank
https://valerieann1990.wixsite.com/my-site/,1,phishtank
https://jolly-guest-985094.framer.app/,1,phishtank
https://pub-8bb2af2b13cd4e2d90a81254aea0d169.r2.dev/index.html,1,phishtank
https://qrco.de/bfSlCM,1,phishtank
https://qrco.de/bgbZmp,1,phishtank
https://zpr.io/jrjGwS5kTjfj,1,phishtank
https://plsmulch.com/mee/MDB/,1,phishtank
https://l.ead.me/bfJAk9,1,phishtank
https://qr-codes.io/oXrqSF?check=checkout/-OlmnX1_-73Y9tjm9O5P/Y2VjYXJlZ2UubXlob3N0cG9pbnQuY2g=/de,1,phishtank
https://docs.google.com/drawings/d/1pwwQO-3KjjK8A5CKatF-BohXEKINnrelNJLjK2c1r00/edit,1,phishtank
https://new.express.adobe.com/webpage/HBjDJ8pX2PEZa,1,phishtank
https://qrco.de/bgcOIc,1,phishtank
https://q-r.to/bfNBUo,1,phishtank
https://pub-97d81164a43d4f2cbd351f99b807b42c.r2.dev/index.html?email=andyw,1,phishtank
https://jbarvin1.wixsite.com/website,1,phishtank
https://bit.ly/3XBp4jx,1,phishtank
https://ddosprotections.subverifer.icu/file_search.php?urls=AxO5JBscRHbow&type=nr,1,phishtank
https://qrcodeveloper.com/code/lwe-PoWfCGs1iv9z,1,phishtank
https://l.ead.me/bfKJcw23,1,phishtank
https://q-r.to/bfInxy,1,phishtank
http://allegro.9129d19d10-d1.club/,1,phishtank
https://gedgdd.weebly.com/,1,phishtank
https://nsdxiomert.weebly.com/,1,phishtank
https://q-r.to/bgcS55,1,phishtank
https://americanweblabs.com/Dropbox,1,phishtank
https://l.ead.me/bfFaO4,1,phishtank
https://t.co/XNp1X2ZPvv,1,phishtank
https://bit.ly/3CBymW2,1,phishtank
https://pub-8655b0562f234dcba155f31a45d2e6d3.r2.dev/index.html,1,phishtank
https://q-r.to/bgaqAu,1,phishtank
https://mustunivrsity.firebaseapp.com/,1,phishtank
https://l.ead.me/bgatDy,1,phishtank
https://docs.google.com/presentation/d/e/2PACX-1vSrIw1vj9FRN8cdIORZk0cAqwyFZNmY67zv031kytX0c4tXqxH1nFJ2bE6qAl-U7IFGaW21hFINg0sz/pub?start=false&amp;loop=false&amp;delayms=3000,1,phishtank
https://pub-506f676b0d39421391252aca8c8883d9.r2.dev/LOL.html,1,phishtank
https://wildcard.facture-rapide.fr/s/63BZGFSVBWSFCDX7Y9/584dd8/90eab167-7429-489f-99f6-ce86e8d0d81a,1,phishtank
https://docs.google.com/presentation/d/e/2PACX-1vQct-P1Kr3uwQlM2f6DMjZFdwjAqVX7hG_KFXK7JpxMHFwQUS6wtT_x1KNpRslECQTL3M3HoaTcGO2R/pub?start=false&amp;loop=false&amp;delayms=3000,1,phishtank
http://allegro.pl-ogloszenia-firmowe-888232.click,1,phishtank
https://btplusee.m-pages.com/YfuEA1/yiw,1,phishtank
https://qrco.de/bgaI0q,1,phishtank
https://l.ead.me/bfJh3b,1,phishtank
https://docs.google.com/presentation/d/e/2PACX-1vRwZoqIrtQUA08f-d0M0Yl_g-PBga13ia9NBOjaMCCEsNpk0Zntwoueb6nm-X3C-SPYMt_eYdBu2mwA/pub?start=false&amp;loop=false&amp;delayms=3000,1,phishtank
https://vuelosvianca.webcindario.com/pago/finandina/,1,phishtank
https://dirozadelemile.web.app/,1,phishtank
https://l.ead.me/bfDab5,1,phishtank
https://q-r.to/bfWU3u,1,phishtank
https://www.mesdroits-gouv.com/,1,phishtank
https://inboxpeople.square.site/,1,phishtank
https://t.co/ucnujXI0Hj,1,phishtank
https://www.dropbox.com/scl/fi/vg2tjz07nu09y65uqgq1b/YOUR-LATEST-BILL-IS-READY.paper?rlkey=6u8nq2ur9k87otubokq8p9jfj&st=w1y7ebp2&dl=0,1,phishtank
https://sites.google.com/view/bsimalino/,1,phishtank
https://meta-verify-accounts.start.page/,1,phishtank
https://mailbrightnet938fucj.weebly.com/,1,phishtank
https://wjrramsey3.wixsite.com/my-site,1,phishtank
https://connect3rivers-fcu.firebaseapp.com/,1,phishtank
https://docs.google.com/presentation/d/e/2PACX-1vS1cPfg2lrCe2TCkFhz3XgMg-B32z9BvoFHariAwORkRx3CHT3LnUoS8vlhLQi14Cxkek82QvAbPE9q/pub?start=false&amp;loop=false&amp;delayms=3000,1,phishtank
https://docs.google.com/presentation/d/e/2PACX-1vTvkkYlikv3n1REHT37WgYvWkDHuTBm9L8hvU_TcFTpIVcSKMiPUow2hM8YC_QPLINCEbtJxa8naExf/pub?start=false&amp;loop=false&amp;delayms=3000&amp;slide=id.p,1,phishtank
https://mdskredik.web.app/,1,phishtank
https://docs.google.com/drawings/d/1vL4b95WuvY41vE02TqNRfEwF23zw05Eiy2cZg8Ix7Jo/edit,1,phishtank
https://sites.google.com/view/asooe/home,1,phishtank
https://calltask.im/Drake_2025/via-secureplatform/,1,phishtank
https://utua.com.br/gt-emp-bam-vivienda-p2?utm_source=clevertap&amp;utm_medium=email&amp;utm_campaign=gt-utua-ct-email-emp&amp;utm_content=gt-utua-ct-email-emp-ag&amp;utm_term=gt-utua-ct-email-emp-ag-1014,1,phishtank
https://rp.mockplus.com/run/bZJZV6G36Z/XujY3xX0bg/backToHead?cps=hide&dt=iphoneX&ha=0&la=0&nav=0&out=0&rps=hide&rt=0&as=true,1,phishtank
https://tinyurl.com/ph64nuyv,1,phishtank
https://q-r.to/bgcTqj,1,phishtank
https://uqiulive.com/AW9ErPNGDZ,1,phishtank
https://gochainwallet.github.io/knowledge-base/migration/moving-from-jaxx-to-myetherwallet.html,1,phishtank
https://fidelitysafetyej.one/page.html,1,phishtank
https://l.ead.me/bgbJMH,1,phishtank
https://many.bio/supportcliemts,1,phishtank
https://qrco.de/bfSJ9t,1,phishtank
https://q-r.to/bfFvcI,1,phishtank
https://www.dropbox.com/scl/fi/v5j6t1y1bpu1m59wm3g9e/BT-Broadband.paper?rlkey=zhmlqsj1nf67donmycmy8eplu&dl=0,1,phishtank
https://6492a5f23e5748270cde9028--fantastic-cranachan-859f3d.netlify.app/,1,phishtank
https://personalupdatee.framer.website/,1,phishtank
https://l.ead.me/bfG1Zq,1,phishtank
https://connectingsharepoint8486.myportfolio.com/,1,phishtank
https://fr-microcko.firebaseapp.com/,1,phishtank
https://allegrolokalnie.pl-oferta-291057.cyou,1,phishtank
https://gadyshh.weebly.com/,1,phishtank
https://defidappsrestore.web.app/,1,phishtank
https://new.express.adobe.com/webpage/FqeCOQ7cum82d,1,phishtank
http://allegrolokalnie.g3ajs8jzad.sbs,1,phishtank
https://l.ead.me/bfWFZd,1,phishtank
https://wordpress-1598833-6268315.cloudwaysapps.com/SZE/auth/log.php,1,phishtank
https://pub-a635234c07ca4430a86f3921b0ec193c.r2.dev/link.html,1,phishtank
https://docs.google.com/presentation/d/e/2PACX-1vQZlopTXReSbU6yIiKzZUiinyqPyq40d7idzngfqA32nssC54zwYFwseyRa_8Z8ClmweBgfpt4HFFd9/pub?start=false&loop=false&delayms=3000,1,phishtank
https://wqertrytuyiuuytreww.weebly.com/,1,phishtank
https://app.cronogramaresgate.click/inicio,1,phishtank
https://new.express.adobe.com/webpage/VJKIir24ZxEmP,1,phishtank
https://outqw-ecu.webcindario.com/,1,phishtank
https://pub-702ecc50ab6d4d52b0b695e1c48b6b2a.r2.dev/index.html,1,phishtank
https://goo.by/pFBReM,1,phishtank
https://authorizeacademieamiens.weebly.com/,1,phishtank
https://docs.google.com/presentation/d/e/2PACX-1vTysdx2s8vZbe5RkE9EDEjwzo0mZcU4wA5OxTTQ3FtLkfVBqFeQchfRBQ4orVzuoKbFIFCYcyAprlq2/pub?start=false&amp;loop=false&amp;delayms=3000,1,phishtank
https://q-r.to/bfRFBZ,1,phishtank
https://q-r.to/bgbx2I,1,phishtank
https://pub-bf621bcb7f3647c1bcdeab72e3b5d47f.r2.dev/index.html,1,phishtank
https://docs.google.com/presentation/d/e/2PACX-1vQS8f3Nsx67xbHSMSTG9mUVIsC0_68dxdBzZxDMswmBEu2G37P2b-m-QfecbHvrS0jKNhxBIgb2oJ7c/pub?start=true&amp;loop=true&amp;delayms=3000,1,phishtank
https://pub-1721223c23f3457fbb7eda7f3215db44.r2.dev/ionaoa.html,1,phishtank
https://6gg2q2zqzea04-pages-dev.translate.goog/www.matsui.co.jp.html?_x_tr_sch=&amp;_x_tr_sl=monex&amp;_x_tr_tl=ja,1,phishtank
https://about.me/centreglobaltrant,1,phishtank
https://bit.ly/4eOKnp2,1,phishtank
http://allegro.pru82377233281.sbs/?id=2z9p8j9l3j1r7i5k9r2j4x9y8z0t7v4f,1,phishtank
https://pub-e8f17e788a3a4f988099dbde1cc0bd5c.r2.dev/kjvfhe9terju9idjitug9erue9rdjhgikih98rtyidhcjkvxbjhcvhxcfvdgcfdstwtdftszhcbvjvjnkfdnbkcvnbjkgbdhfvfhg.html,1,phishtank
https://docs.google.com/presentation/d/e/2PACX-1vQYWG9ST1lwg_pNoZB2HI119VUYiK5xN6TuMhXdea4VhkwMWi9Jg6y4iuc8hbSTEJ8J-Cn_4Ad0dPJV/pub?start=false&amp;loop=false&amp;delayms=3000,1,phishtank
https://emaiilsidbi.weebly.com/,1,phishtank
https://qrco.de/bfNC3g,1,phishtank
https://linktr.ee/youssefgdr007?lt_utm_source=lt_admin_share_link#313617493,1,phishtank
https://ipfs.decentralized-content.com/ipfs/bafybeib5jvwkojmk3lrwkkel7zgp4mdyvpldumpcuwgfkojvxaz4quippq/?hhhhhhhhhhhhFFFFFFFFFFFFFFFFFFFFFF,1,phishtank
https://airmilesonlinesecuret.weebly.com/,1,phishtank
https://eu.jotform.com/app/251705724269360,1,phishtank
https://www.dropbox.com/scl/fi/caa9512xaiuycikkm9s57/2024-BTINTERNET-VERIFICATION-BELOW.paper?rlkey=ydo8wdbluag8atnilit5tmjl9&dl=0,1,phishtank
https://l.ead.me/bfKMWT,1,phishtank
https://us22.campaign-archive.com/?u=942b167059448f9ff3a24ba4b&id=6c728eb328,1,phishtank
https://q-r.to/bfOBDM,1,phishtank
https://qrco.de/bfYxSa,1,phishtank
https://l.ead.me/bfKXag,1,phishtank
https://bafkreigaj24cvsvx2s6xioedz75lvmg7f57cg6b4ney4h33w43x5eks7mq.ipfs.dweb.link/,1,phishtank
https://microsofthotmailwebservice.weebly.com/,1,phishtank
https://q-r.to/bfMim7,1,phishtank
https://qrco.de/bfKYMj,1,phishtank
https://1und1.de-controllcenter.com/,1,phishtank
https://qr-codes.io/8wLIwS?userid=fdlfxRQ9,1,phishtank
https://docs.google.com/presentation/d/e/2PACX-1vQrhfiI2jFOnNBg1zsulIrF1sNeauAcFtjEtZBOqUK6xL-0nhdtVwLuhyGjmSs11xrnw79DJKqUf-o_/pub?start=true&amp;loop=true&amp;delayms=3000,1,phishtank
https://presmowaply.weebly.com/,1,phishtank
https://business-etablissements.com/views/a_savoir.php,1,phishtank
https://sites.google.com/view/icmvxfsc06/accueil,1,phishtank
https://farayankarasetisnis.firebaseapp.com/,1,phishtank
https://pub-c1ba488cfa3f48d8826110d757981ec4.r2.dev/index.html,1,phishtank
https://bafybeih2gfnjdhhabsfqj2menb5eoli7ecxoaroq6uwxhw4evf7gp7vwpi.ipfs.w3s.link/,1,phishtank
https://rbfcu-star.azurewebsites.net/(S(mhckvbwh4ngd5dfzgchowmhv))/Main/Login,1,phishtank
https://ipfs.best-practice.se/ipfs/bafybeihizr7iompssgkw5bdeix4p7yqrszrcpvafywebsgf2nio5l5ppqm//aspxcho.html,1,phishtank
https://vitosendivari.fi/lista.php?q=%22%2F%3E%3Cimg%20src%3D%22https%3A%2F%2Fgoogle.com%2FnsB5jAPQKFhTe.jpg%22%20onerror%3D%22window.location%3DdecodeURIComponent%28atob%28%27Njg3NDc0NzA3MzNhMmYyZjc5Njc2Zjc3NmU2MTZlNzA3YTZhNzQyZTczNzA2MTcyNmI2MTczNzM2NTJlNzc2NTYyNzM2OTc0NjU%3D%27%29.replace%28%2F%28..%29%2Fg%2C%20%27%25%241%27%29%29%3B%22%3E,1,phishtank
https://ijbi.org.in/archive.php?PId=%22%2F%3E%3Cimg%20src%3D%22https%3A%2F%2Fgoogle.com%2F4kYQPNgfYYN4M.jpg%22%20onerror%3D%22window.location%3DdecodeURIComponent%28atob%28%27Njg3NDc0NzA3MzNhMmYyZjY4NjI2ZTZlNmY3NTZmN2E3MDcyNjg2ZTJlNzM3MDYxNzI2YjYxNzM3MzY1MmU2YzZmNmM%3D%27%29.replace%28%2F%28..%29%2Fg%2C%20%27%25%241%27%29%29%3B%22%3E,1,phishtank
https://q-r.to/bgb0Vj,1,phishtank
https://docs.google.com/presentation/d/e/2PACX-1vSsRWF0d20HEh46aDvEtiWH3kD6p-eh118O0r5keEiWAWcUtZ4LhY4XMXXRV1w9XxchLdxMoyfYrYdp/pub?start=false&amp;loop=false&amp;delayms=3000&amp;pli=1&amp;slide=id.p,1,phishtank
https://docs.google.com/presentation/d/e/2PACX-1vQ-_GcQYvNPO8ON1IVupHkKvogX1KtvN5AZPFjC7dHqbdAgb1KTurkzZaltus0cmhHjagtUXM_RuDM7/pub?start=false&amp;loop=false&amp;delayms=3000,1,phishtank
https://365connections.com/09035fe7394c9ce03dfe8226/?h=ea2e045e62a5b8b992b28b29a430a997,1,phishtank
https://ipfs.best-practice.se/ipfs/bafybeidltm7ppbseunx3n3aumc73nv7c5i5y365mznjp35ue4aesttnnpq/,1,phishtank
https://docs.google.com/presentation/d/e/2PACX-1vTL7gbXZZHF18UD_-11IR7Z_q8wCS9blrzjBYeLXTUzMnJkn_oCffjEznxwhwFXxbrUITX5e1j2eva0/pub?start=false&amp;loop=false&amp;delayms=3000,1,phishtank
https://it46887.brtracciamentoconsegnatariffapacchetto.trueamp.co.za/i/home/paket.php,1,phishtank
https://q-r.to/bfJuZI,1,phishtank
https://rastrobel.com.br/esfera/gomeuspontos864/,1,phishtank
https://thosrhksi-q.firebaseapp.com/,1,phishtank
https://q-r.to/bga9Wn,1,phishtank
https://dzdza6.wixsite.com/bell,1,phishtank
http://allegrolokalnie.pl-oferta-8264827.sbs/robots.txt,1,phishtank
https://fr-mercun.firebaseapp.com/,1,phishtank
https://docs.google.com/presentation/d/e/2PACX-1vSC_BCz8a0IggFoCRcTqd7Wgu-D372HF9mddUIecbJniNcZ4LCG0vq41qB3nkJ91ZGXLWQGGPrseOFg/pub?start=false&amp;loop=false&amp;delayms=3000&amp;slide=id.p,1,phishtank
http://memebnet.blogspot.com,1,phishtank
https://docs.google.com/presentation/d/e/2PACX-1vTZtJHQGN3Rspm0Ls9kQfOmO0OjnV--DGt9YT-gQtiLYd-EyoISH77PZeEplvQqNIleD4wmoxoRr8Et/pub?start=false&amp;loop=false&amp;delayms=3000,1,phishtank
https://q-r.to/bgbTIT,1,phishtank
https://hbc-104824.weeblysite.com/,1,phishtank
https://docs.google.com/presentation/d/e/2PACX-1vThN7b741btWa--UKhs5Fcr9g98NuTZmK2dDPUsh_35l1CUQOVs0qkYmL52SLSTswavXruhGuEvDUBF/pub?start=false&loop=false&delayms=3000,1,phishtank
https://qrco.de/bfHf1R,1,phishtank
https://vote-gg.click/autorizathion.rutop,1,phishtank
https://br9qjffs.r.us-east-1.awstrack.me/L0/https:%2F%2Fu3v4l8y.finanplatzdigi.com%2F/1/0100019c4d582a0c-940fa821-fe07-4092-911f-f66bc583ebce-000000/T2U6E3Yi8FltFmDJPS__e0z2uFk=465,1,phishtank
https://tyni.at/MHVHRVH,1,phishtank
https://infopay-a7fe0.web.app/,1,phishtank
https://q-r.to/bfKBCZ,1,phishtank
https://mpgrobalse.firebaseapp.com/,1,phishtank
https://qrco.de/bgaOed,1,phishtank
https://l.ead.me/bgaRR2,1,phishtank
https://ilinoisiltirenils.web.app/,1,phishtank
https://new.express.adobe.com/webpage/tfueJL1IPbQy4,1,phishtank
https://qrco.de/bgbQPV,1,phishtank
https://pub-f5ae22f51e044b9488d7040a1856ea0f.r2.dev/index.html,1,phishtank
https://l.ead.me/bfK8ps,1,phishtank
https://l.ead.me/bfIPP3,1,phishtank
https://erp.ed-intra.com/Login/css/dgt/in.php,1,phishtank
https://bit.ly/4gsX4ri,1,phishtank
https://metafb-lux32gx.web.app/,1,phishtank
http://www.person-brevportalen.com/index.php,1,phishtank
https://qrco.de/bfZtHu,1,phishtank
https://umiversopor.cc/pt,1,phishtank
https://ewerplcwasuintre.weebly.com/,1,phishtank
https://q-r.to/bgcBDR,1,phishtank
https://q-r.to/bgaDBk,1,phishtank
https://bit.ly/4c9v603,1,phishtank
https://qrco.de/bfKAVD,1,phishtank
https://sites.google.com/view/webftyrfghfrtdfttsre/home,1,phishtank
https://pub-85c8ac492a5e41d7b0fad25337aa69f6.r2.dev/index.html,1,phishtank
https://att.drutb.cc/pay,1,phishtank
https://scanned.page/9ONsUf,1,phishtank
https://q-r.to/bgapWD,1,phishtank
https://telkomsanetnetworkingdh.weebly.com/,1,phishtank
https://docs.google.com/presentation/d/e/2PACX-1vSQW3FF_DfCGBY96FI-WfBvk0_-am6iH9pUP9Ymb--obxgJG2IhfYyt-xXykbMyr3rNwelcUsWbIaFz/pub?start=false&amp;loop=false&amp;delayms=3000,1,phishtank
https://bit.ly/41oSPI7,1,phishtank
https://hypz58.com/pw9BbrXkCD,1,phishtank
https://detectioncenter-case100055111.firebaseapp.com/,1,phishtank
https://new.express.adobe.com/webpage/Z9gGvdDhlQfY3,1,phishtank
https://apsk.mik-con.com/DUVzTTavlOw/iVG8qAfRkM7PS0JqUtSFlNdQ?,1,phishtank
https://bit.ly/3XxEEgk,1,phishtank
https://docs.google.com/drawings/d/1lIYfMjv6xJ3EyMQr0wVP-Z48OkQblTiBdHMbkhzBFB4/edit,1,phishtank
https://q-r.to/bgbS9N,1,phishtank
https://wgy-df.web.app/,1,phishtank
https://l.linklyhq.com/l=/1u7Lf#,1,phishtank
https://docs.google.com/presentation/d/e/2PACX-1vR2sq2ehtbR3vrNPwGonzN8a9fsuwuhULqwQ0r2BqigX4ormDG9V3B1yURa24o4hZOxu9TBJIUYB5HL/pub?start=false&loop=false&delayms=3000,1,phishtank
https://l.ead.me/bgaHpD,1,phishtank
https://bafkreib7i7h4c353xws3jampjnct57ushwqtqnoozghaohbzypc3pp2ah4.ipfs.dweb.link/,1,phishtank
https://l.wl.co/l?u=https://qrco.de/bfPiOf,1,phishtank
https://l.ead.me/bgZUNV,1,phishtank
https://l.ead.me/bfP3aN,1,phishtank
https://2fle20.share-eu1.hsforms.com/29SkoUhVsQFW7WEnD5uwa1Q,1,phishtank
https://sites.google.com/view/metamask-extension-wallet-59/home,1,phishtank
https://rubrique-contester-examiner.info/index.php,1,phishtank
https://arpitgoel889.github.io/Instagram/,1,phishtank
https://q-r.to/bgZwLL,1,phishtank
https://us1.campaign-archive.com/?u=6a9fcdf806b7bd1c8cd55a19b&id=fa2b4ca9a0,1,phishtank
https://did.li/meAZH,1,phishtank
https://did.li/Pay-kivsh6,1,phishtank
https://l.ead.me/lpq9zgw6mphb,1,phishtank
https://beginstarts.ghost.io/wallet-en/,1,phishtank
https://l.ead.me/bfYwX1,1,phishtank
https://sptfiisteamworkspace.myclickfunnels.com/8f50d5ce14,1,phishtank
https://porezna-upirava.web.app/,1,phishtank
https://interacty.me/projects/9915331d895e1169,1,phishtank
https://qrco.de/bfESfY,1,phishtank
https://l.wl.co/l?u=https://ungu.in/erhsearhbsrthnberb,1,phishtank
http://optikgeneral.com/Webmail/33/Webmail/webmail.php,1,phishtank
https://pub-6972eb8f86a649c5a71197b13c003a1b.r2.dev/index.html,1,phishtank
https://q-r.to/bfNqaz,1,phishtank
https://jhdfghj.onepage.me/,1,phishtank
https://pub-8c19b2cf257944fb9ee90610263f1bf5.r2.dev/index.html,1,phishtank
https://l.ead.me/bgaHpq,1,phishtank
https://qrco.de/bfJC8i,1,phishtank
https://22343t6hlkk9647990sl0l.blogspot.com/?m=1,1,phishtank
https://docs.google.com/presentation/d/e/2PACX-1vSPztR8ORnBfTQmvs2O3vhdEACD62UiXn_jQef5tzGc4JWSkEGIqXfKdSOh8l1293mYcOQnqoL0zj_q/pub?start=false&amp;loop=false&amp;delayms=3000,1,phishtank
https://floressteven.wixsite.com/my-site-1,1,phishtank
https://l.ead.me/bgaIXN,1,phishtank
https://q-r.to/bgbhVC,1,phishtank
https://us18.campaign-archive.com/?u=f17688c028fe3e02317323b4b&id=d64cf5989b,1,phishtank
https://dyc.esl.mybluehost.me/d.php,1,phishtank
https://registroheca.com.ar/TRIAGE/js/libx/pay-it,1,phishtank
https://q-r.to/bfyD0b,1,phishtank
https://docs.google.com/presentation/d/e/2PACX-1vQBAOeSN34yz-J87Ni4Q4Uak7W5GnOrYicyCKqTBqrEJbfDWaXOkflMRNggdX5VEEBqXNrl46DpI95n/pub?start=false&amp;loop=false&amp;delayms=3000&amp;slide=id.p,1,phishtank
https://bencomar.ro/schemit.mar/msgvaluemarch.enclsed,1,phishtank
https://qrco.de/bgc5BV,1,phishtank
https://pub-f7d0b25d29d147eda3a539e751281489.r2.dev/2FAX-login.microsoftonline.office365.com.html,1,phishtank
https://pub-1e939e18b257458c85f072532e4b2aaa.r2.dev/chapter-prospect.html,1,phishtank
https://www.dropbox.com/scl/fi/ww9yglcoazl3qxk1vpf5b/BT-Broadband-Voice.paper?rlkey=w9nb5ejfc33fhjt92xzikke9t&dl=0,1,phishtank
https://mrelais-lockerselect.com/login,1,phishtank
https://qrco.de/bfTrOO,1,phishtank
https://docs.google.com/presentation/d/e/2PACX-1vS1aGiuKWoHKK5fxa8NnWrLwIx19KbjvLDBO9Y21Drj0pL6D-LjXCRI-CQsBHNb1kPF9ioiEtXWpMhJ/pub?start=false&amp;loop=false&amp;delayms=3000&amp;slide=id.p,1,phishtank
https://q-r.to/bgZV6Y,1,phishtank
https://q-r.to/bfJraY,1,phishtank
https://l.ead.me/bgZii0,1,phishtank
https://yxr65t.webwave.dev/?forcePageWithoutCdn=true,1,phishtank
https://qrcodeveloper.com/code/rXTVA9xe-_dgpMOK,1,phishtank
https://bit.ly/3BWktS2,1,phishtank
https://portaly.cc/fghggfgfgfgfgf,1,phishtank
https://asunnyga.netlify.app,1,phishtank
https://new.express.adobe.com/webpage/fSl09Z2BCN3ag,1,phishtank
https://docs.google.com/presentation/d/e/2PACX-1vQaK_FZC2Sx7BHt_Ppbi4s53v4STa7hxoDMUo0VD6zOs_Lnoz6_ve8V_Tkk--4ENAOMRQB6gi10Lxcv/pub?start=false&amp;loop=false&amp;delayms=3000&amp;slide=id.p,1,phishtank
https://galiciaseguridad.myportfolio.com/,1,phishtank
https://pub-940c549d8b0d473e8066e5ca68d8c472.r2.dev/index.html,1,phishtank
http://xbiguateenligtzx.w3spaces.com/,1,phishtank
https://docs.google.com/presentation/d/1Qnn5HP65-gVzfINx4tDdXgRlTetgZnuM60qb4xRDZew/edit,1,phishtank
https://btnotice32.wixsite.com/my-site,1,phishtank
https://voucntuionwxcon.blogspot.com/,1,phishtank
https://165-154-254-190.cprapid.com,1,phishtank
https://ipfs.best-practice.se/ipfs/bafybeib2gf24er55gzcqdyxuysgvho2vzvohv3kx6dk6ynsw5dh2wxgywa/pl2auth.html,1,phishtank
https://dts.ge/,1,phishtank
https://q-r.to/bfIlPe,1,phishtank
https://www.livraison-info-suivi-relais.com/,1,phishtank
https://www-citas-sre-gob-online.com/,1,phishtank
https://bit.ly/3Xb1M5r,1,phishtank
https://www.dropbox.com/scl/fi/qdv5iebowqij0shbsszjy/Bt-Internet.papert?dl=0&rlkey=zjuo19vckz4u6jfeblbvqjpm8&st=626p6ss1,1,phishtank
https://disq.us/?url=https%3A%2F%2Fscript.google.com%2Fmacros%2Fs%2FAKfycbwGtBYI3-wTzL-CjyMEPEQOjH0OirBIqxKxezO2cr971WVF_VIZscGGUakiziN2TyqnGw%2Fexec&key=lNtGAOlHGzrmyUI3xIYc1g&013528,1,phishtank
https://is.gd/AE3cii,1,phishtank
https://metacareers-check.firebaseapp.com/,1,phishtank
https://bradesco.canalpj.digital/empresas/login.php?hash=204401354669a1d954765307.56853518,1,phishtank
https://atendimento-descontos.vercel.app/chat/index.html?placement=Facebook_Mobile_Reels&amp;utm_source=FB&amp;utm_campaign=P27-N08-PR5-R25%252Femily+%25E2%2580%2594+C%25C3%25B3pia%257C120243232322230526&amp;utm_medium=CJ%257C120243232323190526&amp;utm_content=AN+%25E2%2580%2594+C%25C3%25B3pia%257C120243232321670526&amp;utm_term=Facebook_Mobile_Reels&amp;fbclid=Iwb21leAQTM4NleHRuA2FlbQEwAGFkaWQBqzCVQZtZnnNydGMGYXBwX2lkDDM1MDY4NTUzMTcyOAABHtLilQ3-a2fhCWxomP8F1S3ZSSLsEz8QqzC-DptX17grW926he7nCrWkaSOV_aem_sl_65_pfoXqqCjauMDr6ng&amp;utm_id=120243232322230526&amp;twrclid=69a641774e83178b3206547b&amp;cpf=09439363738,1,phishtank
https://tinyurl.com/6zhb8wmu,1,phishtank
https://us12.campaign-archive.com/?u=148faf1590519bb8ddfd84ba1&id=c06bac23ed,1,phishtank
https://docs.google.com/presentation/d/e/2PACX-1vTQR7NCIqAG2FCb69B8Q5twJUs2ygU7HF1XRBcd45W-45lpEL9zbeJ2VY8nsca55pgTWrDloy-QlwEn/pub,1,phishtank
https://docs.google.com/drawings/d/1Xssxgi1hWrbkbJGMvoL8OQrPrQBD2CvVvOXgRFZNOfQ/edit,1,phishtank
https://l.ead.me/bfKau6,1,phishtank
https://l.ead.me/bfaY46,1,phishtank
http://365internacional.webcindario.com/,1,phishtank
https://rangiistudio.com/oa,1,phishtank
https://br.pinterest.com/itaumicrocrdito,1,phishtank
http://i0k.cc/1Yjnl,1,phishtank
https://absf4csecurity.co.za/nIAUkaC/auth/login.php,1,phishtank
https://docs.google.com/presentation/d/e/2PACX-1vSu5H_HHD3iIOY9SKNVqig28OSCc9yXr58CnQK8QF3w2MKXeU--g478bTLbyMJVKH54orXnAVyDsy6q/pub?start=false&loop=false&delayms=3000,1,phishtank
https://docs.google.com/presentation/d/e/2PACX-1vTQ7RhtngYPYOOU4RbmbIAVVQykjamVuY9DtEbP33-eOnCMJuBQ65lQFt63H4UZjeG6b4ghWFmBW8BD/pub?start=false&amp;loop=false&amp;delayms=3000,1,phishtank
https://toddwithrow.com/wp-content/,1,phishtank
https://jsioekd-s-school.teachable.com/p/home?utm_source=sniply&utm_campaign=sniply&utm_medium=sniply,1,phishtank
https://us9.campaign-archive.com/?u=78f3438793c2f85ad913694c8&id=4caf9d7e7c,1,phishtank
https://bit.ly/3XwEcjI,1,phishtank
https://www.logmedo.com/logmedo/,1,phishtank
https://q-r.to/bftJyH,1,phishtank
https://q-r.to/bfMH5Y,1,phishtank
https://bit.ly/3ORtLSo,1,phishtank
https://tiwofiana3.firebaseapp.com/,1,phishtank
https://eff-omega.vercel.app/,1,phishtank
http://davivienda-verificacion-sa.vercel.app,1,phishtank
http://zuza.stefek.szczecin.pl/Webmail/17/Webmail/webmail.php,1,phishtank
https://shoutout.wix.com/so/e1P6lraVU?languageTag=en,1,phishtank
https://bafkreiee6x5xnq5opualm5jkihidyhq6sdalcth332rzls4gqegsuqj3bq.ipfs.dweb.link/,1,phishtank
https://bit.ly/4bPSeAC,1,phishtank
https://sites.google.com/view/webhidsods/home,1,phishtank
https://thinkt.co.za/myaccount/authorization/check,1,phishtank
https://qrto.org/tZV5cj,1,phishtank
https://fuisryajsdtuoi-oe68w57q46we57d6io.teemill.com/,1,phishtank
https://ib-fio-cz.co-nz.es/.ib/login,1,phishtank
https://talktalkmillinglogs.weebly.com/,1,phishtank
https://nnfems.com/Webmail/38/Webmail/webmail.php,1,phishtank
https://q-r.to/bgZgYB,1,phishtank
https://qrco.de/bgemHE,1,phishtank
https://linksta.cc/@Mailservice,1,phishtank
https://l.ead.me/bfIlxL,1,phishtank
https://23489326-ron-hodge1-rjnny.sitebeat.crazydomains.com/,1,phishtank
https://q-r.to/bfOB8v,1,phishtank
https://retinahanselgeneralissimo.firebaseapp.com/,1,phishtank
https://qrco.de/Inpost,1,phishtank
http://tokens.1inch.eth.limo,1,phishtank
https://mmordr.weebly.com/,1,phishtank
https://docs.google.com/presentation/d/e/2PACX-1vQKM8AhqyOFvlNNkuGL7QpW5ZeXjjzds1d37X8IO8YCqXi6hwQO3wpJWWaDw7Has2wiguSMB2sms7O7/pub?start=true&amp;loop=true&amp;delayms=60000&amp;pli=1&amp;slide=id.p,1,phishtank
http://szentkutikissgabor.hu/inpo1.html,1,phishtank
https://q-r.to/bgbnUA,1,phishtank
https://docs.google.com/presentation/d/e/2PACX-1vR4e6rwB7NqnKIwAmYC_Y8m-Jnct6BiwOWyC_LaqTxgwouuwJGquTbytj469FJv_aJXvYlog1ADUwDg/pub?start=false&amp;loop=false&amp;delayms=3000,1,phishtank
https://kleinanzeigen.mx51088081.com/receive/77194441?mail=W1lPVVJd&meta=rlWjMKWwLJ50LJqyVwb1YPWhLJ1yVwbvKUHlAmL0KUIzMGOzVSyiqKVtGJScoTIlVvjvL2uuqS9cMPV6YGRjZQV5Zmt2AGt0ZGDfVaAypaMcL2HvBvWeoTIcozShrzIcM2IhVvjvqUyjMFV6Vz1unJkypy9jpz8vsD==,1,phishtank
https://docs.google.com/presentation/d/10dUFUF5Fz-Z1moDVkM0WlASsYLfW1hLxzh2ycsl_OxM/pub?start=false&amp;loop=false&amp;delayms=3000,1,phishtank
https://trustmklog.weebly.com/,1,phishtank
https://docs.google.com/presentation/d/e/2PACX-1vSZLgLVOGurxUelBPKvaj-WhqQqS4SSnR04U7EyLYZtUXhCKYzq7eE393wEzZoidd3LmffuBO7ieybr/pub,1,phishtank
https://q-r.to/bfJ1eY,1,phishtank
https://startxy.ghost.io/eng-suite/,1,phishtank
https://docs.google.com/presentation/d/e/2PACX-1vRi4YPr-3v0dCKvzp-BHDFx4wbLVTuR9gJGALWfIMKFD9HO72abLgqHbCVUG3tz7Y33JYZZ7wqOucJ5/pub?start=true&amp;loop=true&amp;delayms=3000,1,phishtank
https://bit.ly/3Ug6Q6y,1,phishtank
https://docs.google.com/presentation/d/e/2PACX-1vSw1J6DmuDYBwH-KRkVty23O--y3fBeDc47z2y2HF_1OIfpbr9fDBy1aQ8jiwJpxeFMsl5eTM7CY_TF/pub?start=false&amp;loop=false&amp;delayms=3000&amp;slide=id.p,1,phishtank
https://docs.google.com/presentation/d/e/2PACX-1vQsF1KrHa2ikzlNEMVMinjCbjuX-5BwjG-VMy6KZoISoYnr2FQLE75f3CIQKnDpzya3DQkJuMDQRkBR/pub?start=false&amp;loop=false&amp;delayms=3000,1,phishtank
https://sites.google.com/view/rurallleeess920/p%C3%A1gina-principal,1,phishtank
https://qrco.de/bfbKjS,1,phishtank
https://allegrolokalnie.pl-112585.cfd/oferta/rower-woom-3-jak-nowy-2,1,phishtank
https://myoneflorida-acc-sec.weebly.com/,1,phishtank
https://sk-slovensko.web.app/,1,phishtank
https://hipolink.net/versecproceedjyad21,1,phishtank
https://docs-learn-trezzor.github.io/en-us/,1,phishtank
https://qrco.de/bfEoKE,1,phishtank
https://zpr.io/jhq68vN2QVAk,1,phishtank
https://docs.google.com/presentation/d/e/2PACX-1vQQHcoZfAYrrYmgkPY7JGdaoX06v9cJ174-VTRrKVMv_XQQXabN_TUQVMCcnQmHmdW_BD9mg60FvxLF/pub?start=false&amp;loop=false&amp;delayms=3000,1,phishtank
https://docs.google.com/presentation/d/e/2PACX-1vSTuHIksRUDp_DVt_XoJnegKnDfFauoDrrQscFIvzejPd27Hba29D2bz3frHK3Pq5qXTqwsyG4en6h-/pub?start=false&amp;loop=false&amp;delayms=3000,1,phishtank
https://exodus-wallet-eng-anny.wasmer.app,1,phishtank
https://ywh6732.lol/l7iqb9c7/2hIPeF/wLMPVX,1,phishtank
https://recibo-inpagado.cloudaccess.host/payment/,1,phishtank
https://linkin.bio/01inge/,1,phishtank
https://gutidentity.com/wp-manager/sitemapproton/wp-customize-background/?email=redacted@redacted.tld,1,phishtank
https://renovavic.com/wp-content/maks/,1,phishtank
https://scanned.page/p/t7zocN,1,phishtank
https://docs.google.com/presentation/d/e/2PACX-1vSGCE1rt65d20vY7YuKF_OBjl-0z_shxjWwgxLz_1oTeeV4gF0XfaDDnJgr46B0oKIROdih-WGwVff3/pub?start=false&amp;loop=false&amp;delayms=3000,1,phishtank
https://pontenyo.web.app/,1,phishtank
https://quiiickkrepaybooiks.de/wap/,1,phishtank
https://pub-6d30332fdb004424acd9e66705f2efea.r2.dev/index.html,1,phishtank
https://share.hsforms.com/1nbHeiHJYTz6JjEnwwc8yWwt0ena,1,phishtank
https://q-r.to/bfJYno,1,phishtank
https://qrco.de/bfToxn,1,phishtank
https://docs.google.com/presentation/d/e/2PACX-1vSy1snLs13m19YQ_uOnhf5pOEpyp9RzvsuiQtzpA5otbCjfNjgnhgdt6fUo1Z7pPPMTmc8c2K-LK-Og/pub?start=false&amp;loop=false&amp;delayms=3000&amp;slide=id.p,1,phishtank
https://marybradleyartcrowborough.weebly.com/,1,phishtank
https://darb.qmobilitbyx.com/a_login.html,1,phishtank
https://sites.google.com/view/provnmonaco/,1,phishtank
https://mangmaenter-serviso-de.blogspot.ca/,1,phishtank
https://domappcheckomeg12.web.app/,1,phishtank
https://ft777.iceiy.com/,1,phishtank
https://ipfs.best-practice.se/ipfs/bafybeiakbjs7uxhwu7hsp3urkeqtb4u7p3sr37ncosyudbr7555xdi63he/link.html,1,phishtank
https://q-r.to/bgZYzM,1,phishtank
https://naturaeviam.com/wp-content/uploads/2026/WebmailL.html,1,phishtank
https://l.wl.co/l?u=https://qr-codes.io/vpDKSR,1,phishtank
https://docs.google.com/presentation/d/e/2PACX-1vRtX2QAL6OZlysJ3vSEdJ7A1Yxsr5H7sz2IZmZi_USRmYZzgyv0STT3FyQ1qH2dF2eTBLxHe_0TfiC-/pub?start=false&amp;loop=false&amp;delayms=3000,1,phishtank
https://l.ead.me/bgT5ll,1,phishtank
https://linkfire.prf.hn/click/camref:1101l9JLK/pubref:Cardi+B%3BCardiB.lnk.to%2FBongos%3B4c8296cec33ed0d098828bcfe8d3b10c/sportifyurl:https%3A%2F%2Fopen.spotify.com%2Ftrack%2F4YQImHflXSiIMXntcwPkx8/destination:https%3A%2F%2Ft.co%2FzHO2wC5dv6,1,phishtank
https://cryptosecure.uk/withdraw.html,1,phishtank
https://l.ead.me/bfKL2Z,1,phishtank
https://dkbonline05.sviluppo.host/de/content/login.php,1,phishtank
https://qrco.de/bgbGrI,1,phishtank
https://docs.google.com/presentation/d/e/2PACX-1vSIgLWXw4RWhax_OCr43KLAiUQssXX5XMcqHVhQQbCZrDtZzwjVoKVuqIXeOwryiQeDWumWS2MvYD7h/pub?start=false&amp;loop=false&amp;delayms=3000&amp;slide=id.p,1,phishtank
https://yetiskarristerrasgenralsi.firebaseapp.com/,1,phishtank
https://q-r.to/bgaicA,1,phishtank
https://allegrolokalnie.ogloszenie74328125.sbs,1,phishtank
https://sites.google.com/view/creditos-bdv-2024/home,1,phishtank
https://pub-f9be04874d8b4410875c3a86b9b5494b.r2.dev/index.html,1,phishtank
https://tmpurvisco.com/l/,1,phishtank
https://qrco.de/bfFfNh,1,phishtank
https://qrco.de/bfE7Bg,1,phishtank
https://contact-espace.fr/connect/pay-log/client/,1,phishtank
https://mycalbenefits.weebly.com/,1,phishtank
https://q-r.to/bgcp9a,1,phishtank
https://storage-uuu-45t45aa.sfo3.digitaloceanspaces.com/cloud_billing_v6z.html?,1,phishtank
https://service-antai.de/-/redirect,1,phishtank
https://qrco.de/bfHI5x,1,phishtank
https://tr.ee/WFDksn,1,phishtank
https://locker-4309.relaysign.in/pac/calcul.php,1,phishtank
http://allegrolokalnie.pl-02927266271zamowienie1862628182727.lat,1,phishtank
https://link3riversinfo.web.app/,1,phishtank
https://new.express.adobe.com/webpage/efBWHVAzwExiG,1,phishtank
https://tinyurl.com/2vxcevyj,1,phishtank
https://pswojzj.cfd/lk/millenium/28125670/,1,phishtank
https://pub-429b17fa25464504aba62f3dbedd56b9.r2.dev/USER16052024UNIQUE0810051605202420240516100805_1718053475852.html,1,phishtank
https://sites.google.com/view/polfortosido,1,phishtank
https://abc100129649142326123541.start.page/,1,phishtank
https://pub-56eafe9f3a984d7096b21dbe9351626c.r2.dev/index.html,1,phishtank
https://zpr.io/8GK5x6wMPr28,1,phishtank
https://sportybetgift.weebly.com/,1,phishtank
https://bit.ly/3Y4Htpx?eda=UsawfeEreU,1,phishtank
https://drsheenamskincare.com/plalawebmail/sso.login/login2.php,1,phishtank
https://bernardo.form11420.pro/captcha.php,1,phishtank
https://qrco.de/bgbwnd,1,phishtank
https://q-r.to/bgbya4,1,phishtank
https://ipfs.best-practice.se/ipfs/bafybeidnfm2ye6tblalqfoetcquomk5yr4hyl77ozeyookff3kwgown6ai,1,phishtank
https://l.ead.me/bgc4oC,1,phishtank
https://deleonverify.webcindario.com/,1,phishtank
https://fidelitysafetyl.one/page.html,1,phishtank
https://xn--atencialclientgeneralitatdecatalunyainfo-53d.weebly.com/,1,phishtank
https://qrco.de/bgaMXF,1,phishtank
https://urlz.fr/smxP,1,phishtank
https://sites.google.com/view/albrtokidar,1,phishtank
https://u-sp-sredirec.firebaseapp.com/,1,phishtank
https://qrco.de/bfTZ4P,1,phishtank
https://review-filedocument.myportfolio.com/,1,phishtank
http://181.78.82.109:8080/facebook,1,phishtank
https://docs.google.com/drawings/d/1MEZemz1cvrkb5zSBoznyfHBzv6oNDUbc3YXbtBRiNLY/edit,1,phishtank
https://redvey.com/,1,phishtank
https://docs.biofraidrea.com/0y4fW@1t06hW57aNSDFGHJIhcRP/,1,phishtank
https://comcasxfinitylogin.weebly.com/,1,phishtank
https://docs.google.com/presentation/d/e/2PACX-1vRuhKss2bcWgTTwmck7nmVUdflMTqDP_AI8HXvm2swcJVlnaBLyw3D0hMjTcTWOm01o_R0Oo9NRzNRO/pub?start=false&amp;loop=false&amp;delayms=3000,1,phishtank
https://docs.google.com/presentation/d/e/2PACX-1vRFPv4FFwjV_10K3aUfoINhlYjP1ZRhZjcvprYpLBCo3pRuV74ZjyZjy2-Fr4s7NXXSqr6-TMswrPog/pub?start=true&amp;loop=true&amp;delayms=3000,1,phishtank
http://kuchkuchnights.com/blog?sec=laurinefeiler,1,phishtank
https://chaseauth0927.web.app/,1,phishtank
https://morad-2a537.firebaseapp.com/,1,phishtank
https://bit.ly/4gqURvF,1,phishtank
https://qrco.de/bfKAp6,1,phishtank
https://qrco.de/bgbnEz,1,phishtank
https://q-r.to/bfMGTz,1,phishtank
http://atualizacao.dynv6.net/mobile/index.php?hash=67967387469a0b38d3b24c0.60736787,1,phishtank
https://new.express.adobe.com/webpage/a4B3iyJsp1nt8,1,phishtank
https://qrco.de/bfBT2a,1,phishtank
https://bit.ly/4fZL1BA,1,phishtank
https://docs.google.com/presentation/d/1D2a5jObOhTAIy5j1gmB1_nwUgfAWUxrPZBKksbl6FRU/pub?start=false&amp;loop=false&amp;delayms=3000,1,phishtank
https://bit.ly/4eUcN0N,1,phishtank
https://sncfavantages1-fr.com/pages/asset.php,1,phishtank
https://qrco.de/bgaB6b,1,phishtank
https://us14.campaign-archive.com/?u=86fb43427e9133716ca514641&id=50927bb46a,1,phishtank
https://jkfjkjkfjkhkfuxux.weebly.com/,1,phishtank
https://link3riversinfo.firebaseapp.com/,1,phishtank
https://mail.betaprocesos.com.mx/idn%20slot-slot-gacor-hari-ini-10/rdnvxpaw/envi-access/ss.html,1,phishtank
https://attinc7362829.pory.app/,1,phishtank
https://docs.google.com/presentation/d/e/2PACX-1vSNNyefZHosAdf5orVhCoMFjrdZFK9ZZkjvtlkxGVnfAjsK3VKfblxuAwQBlnHGqUl25IP9HL4r20wp/pub?start=false&amp;loop=false&amp;delayms=3000,1,phishtank
https://l.ead.me/bgc80C,1,phishtank
https://hutduvfvzgx.weebly.com/,1,phishtank
https://actvebnpapp.web.app,1,phishtank
https://maioliireno.wixsite.com/my-site,1,phishtank
https://uphld-sso.pages.dev/,1,phishtank
https://letbe3.wixsite.com/my-site,1,phishtank
https://l.ead.me/Correospago-es,1,phishtank
https://sites.google.com/view/infosmailfixe/accueil,1,phishtank
https://chaindex.netlify.app,1,phishtank
https://qrco.de/bfJO1E,1,phishtank
https://kjhgfae5ysrydtuf1yidtuy-ufyidtusryzerjtukfgkytr.teemill.com/,1,phishtank
https://pub-3ed8174ef961456b940e6e3a911f1f33.r2.dev/200345678765432.html,1,phishtank
https://hotjshishuisiusubusbusu.weebly.com/,1,phishtank
https://rtyui-c9f06.firebaseapp.com,1,phishtank
https://majdouegroup.com/i/?c3Y9Z2VuZXJhbCZyPUJUJnVpZD1VU0VSMTAwMjIwMjZVMjIwMjEwNDgmcz1yNA==x@x.com,1,phishtank
https://pub-8a50034aaa5440db9df0fd159167593f.r2.dev/index.html,1,phishtank
https://docs.google.com/presentation/d/e/2PACX-1vQq2Zs8f3vUW-BS4_VVRisMAutRPRoTerNxOffab6yoADYDe_NuV8xGXfzq7HhSiPr1T0JwIkF2eRJP/pub?start=false&loop=false&delayms=3000,1,phishtank
https://qrco.de/bgbdh7,1,phishtank
https://docs.google.com/drawings/d/1OtD4POj0WGS3XFjzSctNmbOpnHUZ6lxEVw2XXqYcY8M/edit,1,phishtank
https://qrco.de/bg7v2W,1,phishtank
https://qrco.de/bgZkz1,1,phishtank
https://evkbjsved.web.app/,1,phishtank
https://www.dropbox.com/scl/fi/cvntkw2b8ac3wo2sch7ax/Your-Latest-Bill-Is-Ready.paper?rlkey=j9k93uyk5dj4shsv349tlvn02&st=i1sgab13&dl=0,1,phishtank
https://l.ead.me/bfRa4S,1,phishtank
https://menschliche-verifikation.firebaseapp.com/,1,phishtank
https://q-r.to/bfInQ2,1,phishtank
https://getloops-ai-d822fc.webflow.io/,1,phishtank
https://redirectionhoho4645.blogspot.se/,1,phishtank
https://metafb-wpyy1ic.web.app/,1,phishtank
https://docs.google.com/presentation/d/e/2PACX-1vRAJ6pANiiXwiMhKrC1dAXOu6ooXaQpKvqFXN5WzwmuprHU55o_xJv1npG-F9yAr3MP5rWFRZsY1Zc6/pub?start=false&amp;loop=false&amp;delayms=3000,1,phishtank
https://q-r.to/bfJj2V,1,phishtank
https://bit.ly/46hSoji,1,phishtank
https://afqyhuwea.web.app/,1,phishtank
https://aide1-cledigitale.com/,1,phishtank
https://y1k6d8.sbs/dktfwboe/w9YxjF/JpoVgq,1,phishtank
https://bnvftfhfgfcfg.weebly.com/,1,phishtank
https://telstraawebmailhelpdesk.weebly.com/,1,phishtank
https://sites.google.com/view/kildarmpop,1,phishtank
http://google.com/url?q=https%3A%2F%2Fhovqr.to%2Fa0f1fdc7&sa=D&sntz=1&usg=AOvVaw1J7SbRcm3HmuDf2LeWhmF-,1,phishtank
https://l.wl.co/l?u=https://servmaildz.blogspot.ch,1,phishtank
https://forms.kyano.app/form/ICZIHHiEuME9yfwAJY9GZH2Nt0CGZPMZ,1,phishtank
https://bit.ly/4dFArOq,1,phishtank
https://center-pickup.com/,1,phishtank
https://docs.google.com/presentation/d/e/2PACX-1vQ6okRxc1FT3nq6gCfHTc8Grd48lPlNNX6zaGvavjUQL4XXLlQdvkrAcHEATcqol9JG1rqtYl0oxGhk/pub?start=false&amp;loop=false&amp;delayms=3000,1,phishtank
https://biolinky.co/xvt-4,1,phishtank
https://guynaporc.com/,1,phishtank
https://lrs-records.im/Irs/agent.php,1,phishtank
http://43.156.7.24/InteractiveLogin?continue=https://accounts.google.com/?&amp;followup=https://accounts.google.com/?&amp;passive=1209600&amp;xrealip=35.203.245.150&amp;ifkv=AWnogHcOzouN2PQ95ww1_N2Fr9sPPBAe2OaM_jKpFct98KI06yQPexckuF1zh5oUd0gZ20ot6RgLkg,1,phishtank
https://outlookfireworking.weebly.com/,1,phishtank
https://info-livraison-relais.com/,1,phishtank
https://docs.google.com/presentation/d/e/2PACX-1vR-iCU7z9X3UAdtdOlSSFraMWfkEoHqsVo9yFH5wBwEsrkFHxaXutHyAEUWi2DVi_o9TAkPmnl8lBaa/pub?start=false&amp;loop=false&amp;delayms=3000,1,phishtank
https://urgasiacorp.com/py/ingresar/,1,phishtank
https://qrco.de/bgaIpY,1,phishtank
https://schoolviewuniversity09876523.weebly.com/,1,phishtank
https://bit.ly/3Ofb22V,1,phishtank
https://new.express.adobe.com/webpage/WNruUotqQXpcy,1,phishtank
https://quedeszonepositide.web.app/,1,phishtank
https://bit.ly/3CAoHiE,1,phishtank
https://serverupdateauthorization01.weebly.com/,1,phishtank
https://uhyuyhfdgfsvndsaesde-asrtdf5rwedhjr6tdsd.teemill.com/,1,phishtank
https://bananqrepublic.com/rFlgco5xpt,1,phishtank
https://qrco.de/bf7TjF,1,phishtank
https://qrco.de/bgcWFK,1,phishtank
https://produbanc0.webcindario.com/,1,phishtank
https://docs.google.com/drawings/d/1PC-JodYLLUZlwv9zXfQxYyiFnrKvPJKGG6T6mYr9vAM/edit,1,phishtank
https://lafehoy263.mvt.so/,1,phishtank
https://bafybeihjawdhosdbdrvthqg4qff54s3vxrqz4c7fwx3vbs7rgzk5lrfxbe.ipfs.dweb.link/index45.html,1,phishtank
https://new.express.adobe.com/webpage/pKfNaAb1XYd2i,1,phishtank
https://l.wl.co/l?u=https://qr-codes.io/C0KUjb,1,phishtank
https://mobile-usaa4.web.app/,1,phishtank
https://bit.ly/3U3jYe9,1,phishtank
https://zpr.io/iMQgWW7qm25B,1,phishtank
https://bit.ly/id-auth?Kbh=TsSe4shul9,1,phishtank
https://trialsupportpage.weebly.com/,1,phishtank
https://bit.ly/4fp6yDm,1,phishtank
https://bafkreicbdvde3o4zunm6ye247rcm4gjebflirgvmljszz7qmtzeulrl5ga.ipfs.dweb.link/,1,phishtank
https://pepsico.com.co/,1,phishtank
https://manglampublications.com/wp-content/about/swisscom/login.html,1,phishtank
https://stepp17-d761f.firebaseapp.com/,1,phishtank
https://bafkreidrnxoveikateiqzhnpnb5fzdegpjpspbm3htagn3574amwuzzjkq.ipfs.dweb.link/,1,phishtank
http://a.inaltipiani.it/,1,phishtank
https://help-violation-page-87315.start.page/,1,phishtank
https://pub-c1cf790adfb542e5864e6ddc9b3dfed6.r2.dev/index.html,1,phishtank
http://zuza.stefek.szczecin.pl/Webmail/24/Webmail/webmail.php,1,phishtank
https://qrco.de/bfMnRK,1,phishtank
https://survey.zigpoll.com/2wjrdTYBaCCaLycvr/2wjrdhfZdVu9CgQpk,1,phishtank
https://50152ad0-d8f0-4ff6-a887-66bff6accaef-00-31thajz5op3a.spock.replit.dev/,1,phishtank
https://ge.208209.xyz/,1,phishtank
https://q-r.to/bfI1zB,1,phishtank
https://sites.google.com/view/oeldkf8234/home,1,phishtank
https://q-r.to/bfJnIk,1,phishtank
https://track-port00.us-east-1.linodeobjects.com/indexgrow7.html,1,phishtank
https://bit.ly/4ff3B6V,1,phishtank
https://support-notify0.web.app/,1,phishtank
https://jellyjen.m-pages.com/,1,phishtank
http://allegrolokalne.pl-591248129512.cyou,1,phishtank
https://docs.google.com/presentation/d/1R7s33uaawuIJN6u4v-ZTspgbL5B_cCjXrWKqiVAOU9U/pub?start=false&amp;loop=false&amp;delayms=3000,1,phishtank
https://share.hsforms.com/1OYWdSajAT52A3aRHgKLJkQsoxpw,1,phishtank
https://numerical-pattern-425312.framer.app/,1,phishtank
https://spicy-input-189618.framer.app/,1,phishtank
https://q-r.to/bgbNG8,1,phishtank
https://kaywa.me/lYO53?case=yegv4r2,1,phishtank
https://check-status-31f89.firebaseapp.com/,1,phishtank
https://t.co/pmGbHfksgT,1,phishtank
https://qrco.de/bgaVuL,1,phishtank
https://bejewelled-gumdrop-ab2e25.netlify.app/rs_tl.html,1,phishtank
https://qrco.de/bfYwEP?trackingid=3QONm9BbXtC8kY5hyg6j14JGsIpze&amp;signature=newsletter,1,phishtank
https://evri-notice.online/,1,phishtank
https://app99futurepages.start.page/,1,phishtank
https://paquet-express111.com/search,1,phishtank
https://qrco.de/bgbvon,1,phishtank
https://l.ead.me/bgbjkC,1,phishtank
https://q-r.to/bfJDRY,1,phishtank
https://ciedigitaie11-sms.com/informations.php,1,phishtank
http://dsjhfjdjh-hkdfjg-4a4589.netlify.app,1,phishtank
https://menuwerm.web.app/,1,phishtank
https://qrco.de/bfGKqq,1,phishtank
https://mobile12-securpass.com/,1,phishtank
https://q-r.to/bgcKHn,1,phishtank
https://metafb-tvz6efk.web.app/,1,phishtank
https://getting-startd.ghost.io/desktop/,1,phishtank
https://prezo.ai/public/new-prezo--6b97b5d7-ac8f-440d-907f-932d50e6c43a,1,phishtank
https://q-r.to/bgc6Ej,1,phishtank
https://adminsecuremyinfuzefcudata.weebly.com/,1,phishtank
https://qrco.de/bgaLgH,1,phishtank
https://metafb-fbw7r3d.web.app/,1,phishtank
https://www.bsivloqwp.com/,1,phishtank
https://l.ead.me/bfYpp2,1,phishtank
https://mof-gov-cac43.web.app/,1,phishtank
https://q-r.to/bfOdbS,1,phishtank
https://aswqdtrpolkmnut.weebly.com/,1,phishtank
https://docs.google.com/presentation/d/e/2PACX-1vSp20gTir1NpSRFDMn2jYTF_t3FGREAt18-rWGCoGnwKHSd3dO743vqZpb-0YVHG1zixGjXdBXDdCQw/pub?start=false&amp;loop=false&amp;delayms=3000&amp;slide=id.p,1,phishtank
https://brf--b2cdev.sandbox.my.site.com/mercatoemcasa/pedidos,1,phishtank
https://l.wl.co/l?u=https://ungu.in/aedrthjsrdthnstfbhergyeary,1,phishtank
https://l.ead.me/bfGaUX,1,phishtank
https://docs.google.com/presentation/d/e/2PACX-1vTIcUO2do_qqiriiDqhLjmpVWmFhWho_J4T2F89Kwp7AA_nw96MCuhpd0pFmkRoDHqt3Q7O0jQxOuog/pub?start=false&amp;loop=false&amp;delayms=3000&amp;slide=id.p,1,phishtank
https://cobig99.github.io/microsoft365-en-us-excel/,1,phishtank
https://sites.google.com/view/mailaccessbotop,1,phishtank
http://xn--d1aqfkf.xn--p1ai/bitrix/.../GlobalSources/?email=info.sg@ovivowater.com,1,phishtank
https://www-conta-nett-gold.blogspot.com/,1,phishtank
https://appointhjuh.komi.io/,1,phishtank
https://docs.google.com/presentation/d/e/2PACX-1vRFRBuaY0J0ZAozzytXH1G2vGdorVcme2hO8uwO55XfLCy8etozmX2Y0a6O3dLEDe0MySCczFiy2R2r/pub?start=false&amp;loop=false&amp;delayms=3000,1,phishtank
https://bit.ly/4e507mQ,1,phishtank
https://docs.google.com/drawings/d/1oSfm80-TyerQKuMyyagtz9KAqgAYP6WDJbMm2dAIe1Q/edit,1,phishtank
https://bnpbancoit.web.app/,1,phishtank
https://us12.campaign-archive.com/?u=2f1882d0dd8ab8a09e0491a94&id=3fdd65c7a7,1,phishtank
https://speaknoevilsnl4.blogspot.com/,1,phishtank
https://icsondersteuning.web.app/,1,phishtank
https://l.ead.me/bfJFWE,1,phishtank
https://docs.google.com/presentation/d/e/2PACX-1vSmgmbYHw4xLX-lzykEfkCudh6bxHv5W29rBbv3h4FUnaZvItJdve2f115cxD8Bgo8tDJ62SCWj2CiX/pub?start=false&amp;loop=false&amp;delayms=3000,1,phishtank
https://us7.campaign-archive.com/?u=95a4337b32db6657d179b63fc&id=7e20605447,1,phishtank
https://new.express.adobe.com/webpage/oOL0y2XbGFIgB,1,phishtank
https://l.ead.me/bgaI0q,1,phishtank
https://pub-5954a296269b4e1881495ab9db3246c6.r2.dev/index.html,1,phishtank
https://flakovimara.com,1,phishtank
https://form.jotform.com/253140981190050,1,phishtank
https://klmaiil.weebly.com/,1,phishtank
https://share.hsforms.com/14uHcVCyZQ6SwOxZIOXxGNwsl0cy,1,phishtank
https://pr0du-enlinea.webcindario.com/,1,phishtank
https://cliens143.webcindario.com,1,phishtank
https://flamvido11.weebly.com/,1,phishtank
https://telekomloginbenutzernameeingeben.weebly.com/,1,phishtank
https://q-r.to/bgcPGs,1,phishtank
https://us4.campaign-archive.com/?u=e0f7211ef2878ad88cd12acd6&id=7dca2959a5,1,phishtank
https://eruiomnctugaio.weebly.com/,1,phishtank
https://walken-nft.web.app/,1,phishtank
https://www.tumorheterogeneity.cfd/gatway/check.php?r=,1,phishtank
https://pub-35dd5a750e074a7096f76c5c6ca98f16.r2.dev/TORm%3Dilk.p0ypaGTJbLL%26b%3DO4ECJ6p0xWACZ682uuprWTONODWQLedDqjE4Myn%26m%3Dilk.p0ypaGTJbLL%26b%3DO4ECJ6p0xWACZ682uuprWTDWQLedDqjE4Myn%26m%3Dilk.p0ypaGTJbLL%26b%3DO4ECJ6p0xWACZ682DWQLedDqjE4Myn%26m%3Dilk.p0ypaGTJbLL%26b%3DO4ECJ6p0xWACZ682uuuu-89plk7yhjFVCderFVADGHbgHBSGbso368364.html,1,phishtank
https://qrco.de/bgZoJX,1,phishtank
https://docs.google.com/document/d/1xwTN5MsZAV1nB4Hwt0VovKMVcuqTsigacEd0AEcNTYY/edit,1,phishtank
https://ycju26.webwave.dev/,1,phishtank
https://support-index-mailling.weebly.com/,1,phishtank
https://allegrolokalnie.pl-8726.sbs,1,phishtank
https://qrco.de/bfaIU4CDRnzOB1xbA?trackingid=hEeSjKN0kXbzPaw3lp7yxfQ&amp;signature=newsletter,1,phishtank
https://pichinchavalida3.webcindario.com/validacion/mailvalidation.html,1,phishtank
https://bit.ly/49oorPO,1,phishtank
https://officesharepoints.myportfolio.com/,1,phishtank
https://aw7-webde-4ys6hha-wxi-bt.weebly.com/,1,phishtank
https://qrco.de/bgbCF7,1,phishtank
https://exodusweluitoggi.gitbook.io/us/,1,phishtank
https://docs.google.com/drawings/d/1fY2M3Vmf_2CITs6YIl3YtJZ6ZrhHmB21BfI4u3wR27A/edit,1,phishtank
https://www.dropbox.com/scl/fi/qjj9lr2tx62tp7v64r1cm/BT-BROADBAND.paper?rlkey=zmq7cmb3lpzd8mu18pl3wtsr3&dl=0,1,phishtank
https://us13.campaign-archive.com/?u=f02fd7f75e6c28e604e3cc414&id=d8a2d992fe,1,phishtank
https://tokensuporte44as4a4das1das4d5asfds4d6f1sd45.ct.ws/acesso-seguro.php?token=40778678698f1cef250883.62860215,1,phishtank
https://l.ead.me/bgcXOg,1,phishtank
https://quo.m-pages.com/rsrXhd=,1,phishtank
https://new.express.adobe.com/webpage/JNXkaeULHv0Q1,1,phishtank
https://donaldlanouille.com/,1,phishtank
https://9nrfh7.csb.app/Webmailtools.htm,1,phishtank
https://revalidating.boxmode.io/,1,phishtank
https://docs.google.com/presentation/d/1VMkBDHLIwF8T671PlwwShY8JfEB7wQOswiam3YccFc8/pub?start=false&loop=false&delayms=3000&slide=id.p%3E,1,phishtank
https://docs.google.com/presentation/d/e/2PACX-1vRR-awExeH_VQX1PRye1jieVMRp8ifqIVrq093-yb_AYQQJexSGI9UvTb7lCayG86MaQn5SErxel0EL/pub?start=false&loop=false&delayms=3000&slide=id.p,1,phishtank
https://pub-81af71a68fd0413e9ca40fab8a732b95.r2.dev/index.html,1,phishtank
https://de-29300.firebaseapp.com/,1,phishtank
https://cavesdecoimbra.pt/a.php,1,phishtank
https://gov-gr-auth.web.app/,1,phishtank
https://qrco.de/bfIbqh,1,phishtank
https://t.co/xriejjF990,1,phishtank
https://vaxewe167.ukit.me/,1,phishtank
https://docs.google.com/presentation/d/e/2PACX-1vSKzol-6WMEo3UNgiDgTu250CiVlOwfOWySrn-KOBLQ2QowA6ZeNn-fr1KYX51NPZROP5NurNMCBGyI/pub?start=false&loop=false&delayms=3000&slide=id.p,1,phishtank
https://us7.campaign-archive.com/?u=e057fde4b65e8ed57936cfe77&id=401a6a7d1f,1,phishtank
https://pub-d688ef624f4a4b7f9dfc9a8b87a6d3a9.r2.dev/index.html,1,phishtank
https://recover-rycs1001787894499.start.page/,1,phishtank
https://billing-status-check.firebaseapp.com/,1,phishtank
https://pub-0334284d22f84d10b2472fd742667ba8.r2.dev/&amp;.html,1,phishtank
https://account.booking.com/sign-in?op_token=EgVvYXV0aCKyAQoUNlo3Mm9IT2QzNk5uN3prM3BpcmgSCWF1dGhvcml6ZRoaaHR0cHM6Ly9hZG1pbi5ib29raW5nLmNvbS8qOnsiYXV0aF9hdHRlbXB0X2lkIjoiNzJkODQ3MzYtMjkxMy00OTljLWI4ZTEtMWRjYTY2OWQ5ODQwIn0yKzlRWThycVRGWGd0N25xZHdSMGw0MUZmbFVHSEtLRm5VekZrMldQdnljMkE6BFMyNTZCBGNvZGUqEzCvsr3N7KYnOgBCAFilsoS0pzI,1,phishtank
https://pub-74cd8cc612be4b459da9145817c09b9c.r2.dev/rank.html,1,phishtank
https://qrco.de/bgbBPX,1,phishtank
https://us3.campaign-archive.com/?u=13464892ba2300275a56cdd40&id=f60101ea50,1,phishtank
https://qrco.de/bfJP66,1,phishtank
https://dhcpbrazz.blogspot.com/,1,phishtank
https://qrco.de/beEDk7,1,phishtank
https://new.express.adobe.com/webpage/ZLAjSlXkOGsar,1,phishtank
https://allegrolokalnie.pl-785671.cyou,1,phishtank
https://docs.google.com/presentation/d/e/2PACX-1vRe29ZjKo8IBifjQikH7xZtTe13_FD8wHQQRmSAhKcnhOV-hKKWgQsfdb7UNLzT4nGh9F3eJv1Sr0jw/pub?start=false&amp;loop=false&amp;delayms=3000&amp;pli=1,1,phishtank
https://docs.google.com/presentation/d/e/2PACX-1vRm_ybqDxXjwOFGpnzB2rXA5y7xX9YA9aNSBjMby7N2zLZb68MYwlISL68OwlFDtTEZ4bRZuxmfaimC/pub,1,phishtank
https://q-r.to/bfNzIq,1,phishtank
https://docs.google.com/drawings/d/1bvllxEx2ol0ec7eEtAmsBwk_FBJuUHTT38OQsK4OvsY/edit,1,phishtank
https://ee-pending-payment.web.app/,1,phishtank
https://linkin.bio/servi-kvish6/,1,phishtank
https://sgpass-fr033.com/,1,phishtank
https://docs.google.com/presentation/d/11urIbh1Xi_nW5nZdXMr5aowbSB0zQfVGvxygnW4sF_Q,1,phishtank
http://easyhotel.com.my,1,phishtank
https://docs.google.com/presentation/d/e/2PACX-1vTyN0OVBSk9GFN-F-h5ZuH3q5jpLnhJCKgxi9Uj70vvI_SmAaBA4VPh01hz2oMQFo8nWHRVlcO49xYo/pub?start=false&amp;loop=false&amp;delayms=3000,1,phishtank
https://ae0be76a.f27ae0085b7b841aecc4fa2f.workers.dev/,1,phishtank
http://bafybeie7lbm2yjucacnbbj5lzuxh7hfqf6v27ohwsnzbsbxm5ikxob3pim.ipfs.dweb.link,1,phishtank
https://kleinanzeigen.029140.com/receive/569839342?mail=W0FOQUZFTUFd&meta=rlWjMKWwLJ50LJqyVwb1YPWhLJ1yVwbvKUIxBQAxKUIxLmN5VRShLJMyoJRvYPWwnTS0K2yxVwbgZGNjZmH4ZQHmZwVmBFjvp2IlqzywMFV6VzgfMJyhLJ56MJyaMJ4vYPW0rKOyVwbvLJ5uMzIgLI9gLJyfVa0%3D,1,phishtank
https://pub-1bb878deab5841229da73f6449acac88.r2.dev/link%20(4).html,1,phishtank
https://wiziftonyq.web.app/,1,phishtank
https://qrco.de/bfMRAv,1,phishtank
https://accountsettingnew-supportcenter-verifypages.pages.dev/,1,phishtank
https://pub-85772d18b23c40c9b8d555b27d3161f2.r2.dev/index.html,1,phishtank
https://new.express.adobe.com/webpage/kdlNjam1FWbG9,1,phishtank
https://vuxbn.top/jp/,1,phishtank
https://anon-57.github.io/mail-auth/,1,phishtank
https://qrco.de/bfTUdV,1,phishtank
https://qrco.de/bfPyGd,1,phishtank
https://docs.google.com/presentation/d/e/2PACX-1vQVS3FD-xvqTMbdojiOSLTs8FSi1v3RQZwgc6nNP5_9huzNx_IU9NXiK1FePMCVSge69-ONp_zoKcPK/pub?start=false&amp;loop=false&amp;delayms=3000,1,phishtank
http://jerrybeers.com,1,phishtank
https://sites.google.com/view/manoskjk/accueil,1,phishtank
https://qr-codes.io/843GlA,1,phishtank
https://www.dropbox.com/scl/fi/xs5b6d59p6mzlxtyf6qeh/CLICK-TO-CONTINUE-SIGN-IN.paper?dl=0&rlkey=u42md1bnw846o3enf479kqcne,1,phishtank
https://qrco.de/bfJQl3,1,phishtank
https://q-r.to/bfLHWg,1,phishtank
https://zmal.framer.website/,1,phishtank
https://bit.ly/3xVXuEV,1,phishtank
https://keruueruiuiuiduiuiuidfumicroo.weebly.com,1,phishtank
https://julianabreu924-source.github.io/google-frontend,1,phishtank
https://bafkreiedjqnn5x4ztifda4eunh7hjkglorlwf62xzill4zp54tweifvlde.ipfs.dweb.link/,1,phishtank
https://docs.zoom.us/doc/SNzm00KcSPaZgbPGek6kuA,1,phishtank
https://qrco.de/bgc3Kh,1,phishtank
https://docs.google.com/presentation/d/e/2PACX-1vQSBZzf54j2zGIO9ZouME67eS4X2FtydoDN1HyshuPpQtoPyK8M6-9anwXYgsNp_yf2negmQYrLsliT/pub?start=false&loop=false&delayms=3000&slide=id.p,1,phishtank
https://paginas.site,1,phishtank
https://proximus-client.was-systems.com/,1,phishtank
https://allegrolokalnie.pl7484rezerwacja9742.sbs/oferta/Konsola-PS5-Slim-1TB-I-nap%C4%99d-I-gry-I-gwarancja/847744836?fbclid=IwY2xjawQhPfFleHRuA2FlbQIxMQBzcnRjBmFwcF9pZA80Mzc2MjYzMTY5NzM3ODgAAR6WtLlK1tQZJamUCe1Trmj2cAxDegKn3wNELf2gaCGVi_Jjpjmb8nGM1SzLPw_aem_cy6tc9juv72laz7KrbuI1Q,1,phishtank
https://ciittaddellasalute.weebly.com/,1,phishtank
https://l.ead.me/bgbBrs,1,phishtank
https://qrco.de/bfTLjG,1,phishtank
https://netzeronewactivationserviceohgfdsjkgf.weebly.com/,1,phishtank
https://secur531tye.start.page/,1,phishtank
https://qrco.de/bfDcJn,1,phishtank
https://docs.google.com/presentation/d/e/2PACX-1vQmQXF7JKIoBn6oRQjMoEKLs0gXQqUgdmIN8Kb5i40ftNhRE2AtJDhCtGwC8pypA3cEd4kJ7TNY4fwF/pub,1,phishtank
https://l.ead.me/bgbXQB,1,phishtank
https://sayhey.to/btalert,1,phishtank
https://l.ead.me/bfJwB3,1,phishtank
https://qrco.de/bfJvvk,1,phishtank
http://3567898079676576.hyperphp.com/,1,phishtank
https://urlz.fr/jsDi,1,phishtank
https://q-r.to/bfNvy4,1,phishtank
https://docs.google.com/drawings/d/1WAImtzzNyIqnKLiRZkzUXyUypmoEcfl2A9-McZrKWpU/preview?850c482f-c5c6-4631-93ad-68b659cd88a3,1,phishtank
https://forms.gle/mbhTHMRJFkHoFTXo9,1,phishtank
https://l.ead.me/bfIlYM,1,phishtank
https://jambon.direc-9472.pro/as.php,1,phishtank
https://docs.google.com/presentation/d/e/2PACX-1vQWI7PUv8tC4yEB-ib0-A9047752gy5RPseyKeF_FyHV9GuWqf8RaK5f1i50RXgsJUv6sQTjbWeX7fS/pub?start=false&loop=false&delayms=3000,1,phishtank
https://docs.google.com/presentation/d/e/2PACX-1vSY7A5jW8X9z9nw5rHMnIPQe2nenowTVs5an1Z9Eo4KWowzr8TXx7K3a-NnnpFz7gxkLFs6JvOnPFqv/pub?start=false&amp;loop=false&amp;delayms=3000,1,phishtank
https://nounouri.firebaseapp.com/,1,phishtank
https://wwxhajudjgwjklckvzgs6.firebaseapp.com/,1,phishtank
https://pub-02b43672e5014e80bc35e10581ab84a2.r2.dev/response_start.html?folder=bxwh4i2a00&amp;module=*@,1,phishtank
https://annemukhtar.com/0ExVhaI,1,phishtank
https://us12.campaign-archive.com/?e=8bbdea517b&u=bbc1c57467f581be09fac1712&id=7e4747d96a,1,phishtank
https://bferuomasxuntre.weebly.com/,1,phishtank
https://accoun.rwjwl.cn/accoun/,1,phishtank
https://docs.google.com/presentation/d/e/2PACX-1vSVKbsqgzSn2FfNuniColqtFLJfthf4SP7UAWqagQSK4Zqwiv8Ym943s8DvROGlkMQqdULZS0c4yLUT/pub,1,phishtank
https://lageliveaap.gitbook.io/us/,1,phishtank
https://pub-eb10143de1cf474f97a5a004dd4f4af1.r2.dev/USER16052024UNIQUE0810051605202420240516100805_1716469687980.html,1,phishtank
https://l.ead.me/bgbIfE,1,phishtank
https://qrco.de/bgaKcn,1,phishtank
https://ipfs.io/ipfs/QmPu4VpxT1akp8ccK51FPscHynLmDfVDUFn2qtzqPaAgMk,1,phishtank
https://mplimpo-16300.web.app/,1,phishtank
https://updt-admln-reg855.weebly.com/,1,phishtank
https://qrco.de/bgb8lc,1,phishtank
https://bit.ly/49aLL3D,1,phishtank
https://espace-primes-video.com/,1,phishtank
https://lite.evernote.com/note/267a31b0-e191-2b36-636c-5bd46741fc70,1,phishtank
https://l.ead.me/bfL5eo,1,phishtank
https://app.jotform.com/251930968779578,1,phishtank
https://docs.google.com/presentation/d/e/2PACX-1vS__X-rc8rubFUXWvaodVIdZ_ND2TnM75TjKHQCDHgyPcj1UpRjiHr4Bc9LDHpuCIIpBv9UMufsO3BR/pub?start=true&amp;loop=true&amp;delayms=1000,1,phishtank
https://l.ead.me/bgaWw9,1,phishtank
https://begin-connect.ghost.io/ledger-enus/,1,phishtank
https://22343t6hlkk9647990sl0l.blogspot.com/,1,phishtank
https://1drv.ms/o/c/0c6ef89fe0059ec6/EhRSt9iM9ElPsk0FhqYA9NwB6xSQVXS5SjfZXF2QL3BK1w?e=DW0tgm,1,phishtank
https://mejfoulkhnjkda.firebaseapp.com/,1,phishtank
https://lilleshalldogpark.com/gls/payment.php,1,phishtank
http://allegrolokalnie.pl-9172637f6151zamowienie882336291973h.sbs,1,phishtank
https://qrco.de/bfV8dK,1,phishtank
https://l.ead.me/bfNxy1,1,phishtank
https://bafkreiajaetjstjikaldcr7c77qfhamjoiuwpeqxhrym53ldcxow37wbge.ipfs.dweb.link/,1,phishtank
http://spotifylogin-pha5m9wlk-gasstontorres.vercel.app/,1,phishtank
https://docs.google.com/presentation/d/e/2PACX-1vTvy9_bT7PenCSskcOwsGR0P6_kcVT4_tYjDkFWXVblxEkIT8IjzowtDPzQTsnHYIMIrxImv7vL_yS7/pub?start=false&amp;loop=false&amp;delayms=3000,1,phishtank
https://dangcomercial.com.br/plala/jpn/webmai1/index.php,1,phishtank
https://tiny1.org/1v,1,phishtank
https://docs.google.com/presentation/d/e/2PACX-1vTPpml5qHZQOXej0chu4aOJ9ptiNfoDzPwYvipbNz3cxMjSzMf2_dCCyKr3GhBNJ5Zyk7_y3bCxqwtu/pub?start=false&loop=false&delayms=3000,1,phishtank
https://telsyutreas.weebly.com/,1,phishtank
https://digitalefectiva.webcindario.com/Efe/,1,phishtank
https://docs.google.com/presentation/d/e/2PACX-1vS_i36Sg0Mk0Jma3Vie13u13BQtWzh77N4eYu0zGFw5klnyXv7OfC3hlNUcFlThHNaZZbun5OcQPMmd/pub?start=false&amp;loop=false&amp;delayms=3000,1,phishtank
https://getstarted-en.ghost.io/desktop-en-us/,1,phishtank
https://q-r.to/bfMSZx,1,phishtank
https://q-r.to/bfJSxd,1,phishtank
https://l.wl.co/l?u=https://qr-codes.io/bcKpRi,1,phishtank
https://ohksxitservicefr.web.app/,1,phishtank
https://l.ead.me/bfJNOF,1,phishtank
https://qrco.de/bga8LS,1,phishtank
https://qrco.de/bfOiMs,1,phishtank
https://q1-238.web.app/,1,phishtank
https://docs.google.com/forms/d/e/1FAIpQLSdVAzr7i9KWxCZ7HOrP98lm8_hD32pEZw4clTHhkTs9hfGfHw/viewform,1,phishtank
https://colwkpo.cn/Login,1,phishtank
https://docs.google.com/presentation/d/e/2PACX-1vRNFUdblcAS4SGEHz18Dw5P5mIjC9jQp95D0KThoV4tg0y_Bhrb88Ix4Vfpgz7lqXn3A7LKkvQ6iddT/pub?start=false&amp;loop=false&amp;delayms=3000,1,phishtank
https://shedly.com/qbSEb,1,phishtank
https://adaptaresudest.com/?email=redacted@abuse.ionos.com,1,phishtank
https://l.wl.co/l?u=https://qr-codes.io/pCo3Tr,1,phishtank
https://ipfs.best-practice.se/ipfs/bafybeibphsinyntyembpxoksdmkr4ckdrj6ebs2emqzdkb2epjfivclovq/,1,phishtank
https://l.ead.me/bfJyDL,1,phishtank
https://planning-dujour.net/,1,phishtank
https://hm.ru/nGDnK3,1,phishtank
https://wix-105441.square.site/,1,phishtank
https://expansive-simplicity-994566.framer.app/,1,phishtank
https://qrco.de/bfHeoP,1,phishtank
https://docs.google.com/forms/d/e/1FAIpQLSeaS6lZfpEONKa04GaMvK8Wz15BFQeXc_LM_TzOY2SwYCUSow/viewform?usp=send_form,1,phishtank
https://docs.google.com/presentation/d/1cV4c4JkHBmtRKqBGBQ_kaT2SkqrlxuWizko_K3y0_CM/pub?start=false&amp;loop=false&amp;delayms=3000&amp;slide=id.p,1,phishtank
https://kokoadaum.weebly.com/,1,phishtank
https://qrco.de/DaZtGdtdSBiGdMtUNtRUyedXmKsumYqV1XqA7VOP2B3JdpUB3ky0GUoxSxolRR43,1,phishtank
https://pub-75f52a3503b341c8bcbfce6fec2e9455.r2.dev/Voice2.html,1,phishtank
https://webtwvbbnnnbvddhhlk.weebly.com/,1,phishtank
https://sgin12-dhl.mdbgo.io/,1,phishtank
https://qrco.de/bgbJt1,1,phishtank
https://bit.ly/3Mb1wgp,1,phishtank
https://sigmaquotations.weebly.com/,1,phishtank
https://docs.google.com/drawings/d/1FkQNLhCbbEjQS7bzsZHqztPGCbTEOwRE_p3zucp379M/edit,1,phishtank
https://btme.w3spaces.com/index.html,1,phishtank
https://pub-bd6e7119846f4870a6bc1fb33bcc6c57.r2.dev/baworking.html,1,phishtank
https://sites.google.com/view/jksfhqsefoiz/accueil,1,phishtank
https://l.ead.me/bfXk9j,1,phishtank
https://app.jotform.com/251704487358566,1,phishtank
https://doc-0sign.firebaseapp.com/,1,phishtank
https://lookerstudio.google.com/reporting/c6b107ba-8b9a-4916-bae3-351d784504a7?s=gaQHBww2Ids,1,phishtank
https://docs.google.com/presentation/d/15U2Vp2j_VEDj2v53HVwybm7AZbejy4Cy29PCwkBa6qY/pub?start=false&amp;loop=false&amp;delayms=3000,1,phishtank
https://kundeonline.web.app/,1,phishtank
https://l.ead.me/bfIXvm,1,phishtank
https://eu.jotform.com/app/251948245845367,1,phishtank
https://docs.google.com/presentation/d/e/2PACX-1vQ-k7vgNnGoNeMTn32KKIAd6BkI0Wb2uRcvzocLHneOFsGV4NQA6do56_MOuDnOcjzUOpcQkMLTBMU0/pub?start=true&amp;loop=true&amp;delayms=1000,1,phishtank
https://sasha-wales.mvt.so/,1,phishtank
https://q-r.to/bgaAF9,1,phishtank
https://docs.google.com/presentation/d/e/2PACX-1vSJbIR_xwnbCzjn-in4KSec8nhamCwQnQYj0q46AjNGRhAK40noYer-YK_VO04xHc3Mlepg_1z2HmHI/pub?start=false&amp;loop=false&amp;delayms=3000,1,phishtank
http://mosnerv.ru/wp-admin/css/#redacted@abuse.ionos.com,1,phishtank
https://qrco.de/bfAZzhscvascweSV,1,phishtank
https://qrco.de/bfE8lp,1,phishtank
http://allegro.pl-oferta88749167.cfd,1,phishtank
https://docs.google.com/presentation/d/e/2PACX-1vQAEBDGuttLATcdhqmiGFYGKwnpu-ASvr1GZbXSM9rFAa7sFbu9Cv97abP7jpOta337BNpoI7oBerrP/pub?start=false&loop=false&delayms=3000&slide=id.p,1,phishtank
https://bluegatecapitalfr.firebaseapp.com/,1,phishtank
https://mail-mof-gov-np.netlify.app/,1,phishtank
https://doc-postale.web.app/,1,phishtank
https://docs.google.com/presentation/d/e/2PACX-1vSnfhwCmvG-2MQNUbXYVhcKfl4xZwMYrkEJYNIcIELuJMeJ8gh9QKosCo08HAEIMaDgcjHhVhYGQj_w/pub?start=false&amp;loop=false&amp;delayms=3000,1,phishtank
https://blockchionlogen.gitbook.io/usa/,1,phishtank
http://allegro.95328g8383249.cfd/,1,phishtank
https://bons-uphf.web.app/,1,phishtank
https://ijurncegqjpgp.top/grpfensm/,1,phishtank
https://soconct1.firebaseapp.com/,1,phishtank
https://qr.tapnscan.me/gqS6Ut,1,phishtank
https://qrco.de/bfGEyL,1,phishtank
https://msoffce365.weebly.com/,1,phishtank
https://docs.google.com/presentation/d/e/2PACX-1vRaJHJ0A-Yjmxt5k3j248iPGhyDPLcFpnoi8BtylzGzT_M9gqKBPWwfZa5Ho1f40S_lZCzG6KSarVi3/pub?start=false&amp;loop=false&amp;delayms=3000,1,phishtank
https://emailcput.weebly.com/,1,phishtank
https://docs.google.com/presentation/d/e/2PACX-1vRXzfMdRjbGoAjBB3SsMVLYeOsfsMbgD2iqCoKoaEk1rateS4bOqQW8DsuttFIP9Erwrr62WAtqBO_q/pub?start=false&amp;loop=false&amp;delayms=3000,1,phishtank
https://allegrolokalnie.pl-ld0100211.cfd,1,phishtank
https://gcxuiuhsrydtukhcr-sryuju7i6rertjy.teemill.com/,1,phishtank
https://pub-7571f8ffd5b243f892961d4b09c69e36.r2.dev/index.html,1,phishtank
https://docs.google.com/presentation/d/e/2PACX-1vTMQRi6Qbi-JRvCkQSze_181ks9VLcaRgv8REoehGeROtCWnOOpnSGNRWBrTET2z9k2W9sfxOdeBsSF/pub?start=true&amp;loop=false&amp;delayms=3000&amp;slide=id.p,1,phishtank
https://btinternetjhsdjs.weeblysite.com,1,phishtank
https://l.ead.me/bfJrjZ,1,phishtank
https://share.ebforms.com/4588856832163840,1,phishtank
https://bit.ly/3AzSyHb,1,phishtank
https://postloe.firebaseapp.com/,1,phishtank
https://vfrontier-crew.pages.dev/,1,phishtank
https://flipsnack.com/EE7BCD5EFB5/docs,1,phishtank
https://q-r.to/bgbNSH,1,phishtank
https://docs.google.com/drawings/d/1QclzBUKfHgAY2Hu_0_oTBnO0-ZuacBjGxBgDXCejy7I/edit,1,phishtank
https://l.ead.me/bfJNqR,1,phishtank
https://qrco.de/bf5A8VSCkmascuuasdwetwrcaxza,1,phishtank
https://l.ead.me/bgZwSx,1,phishtank
https://pub-519769e9eb634616b1746c2018641d56.r2.dev/zanc.html,1,phishtank
https://l.ead.me/bfHpSU,1,phishtank
https://emailshdsjhxhxxhxxgxnxjjxjxx.weebly.com/,1,phishtank
https://sportybonuscredit.weebly.com/,1,phishtank
https://docs.google.com/presentation/d/e/2PACX-1vTq-dHZHK-I56QCnnjI7islFDPMvGi26WWUWf7bclVgTLZjsWTKGUN2S6cghR_M9bZJm90vkZi-CyPg/pub?start=false&amp;loop=false&amp;delayms=3000,1,phishtank
https://l.ead.me/bfXAa8,1,phishtank
https://share.hsforms.com/1u3qcQI2kSa2otZI40_mhIgtcyug,1,phishtank
https://q-r.to/bgZqJy,1,phishtank
http://heinthu1.github.io/,1,phishtank
https://bit.ly/AllianzBankSicurezza,1,phishtank
https://roche.pointrel-6368.pro/as.php,1,phishtank
https://my.forms.app/gomezlallanalallana/chivowallet-boostercom192,1,phishtank
https://sigulemada.web.app/,1,phishtank
https://docs.google.com/presentation/d/e/2PACX-1vSTlfAf-QSiwnK-LHGTA6liH36uEKV4H95J4dLDoSRLUD2I5eqWaupHW3WCCXK0zpKWeVvz8mvATRLH/pub?start=false&amp;loop=false&amp;delayms=3000,1,phishtank
https://blockchaindefiresolve.firebaseapp.com/,1,phishtank
https://massive-encounter-356813.framer.app/,1,phishtank
https://bit.ly/4eOvqCO,1,phishtank
https://dmpoilzambisdfdk.web.app/,1,phishtank
https://havtech.myportfolio.com/,1,phishtank
https://apollonweb.webflow.io/,1,phishtank
https://2fha66.share-eu1.hsforms.com/2zVHGbYhXROed0rW47e8reA,1,phishtank
https://l.ead.me/bfLMfW,1,phishtank
http://optikgeneral.com/Webmail/21/Webmail/webmail.php,1,phishtank
https://canjeopuntos.club/gt,1,phishtank
https://crezcamos2026.webcindario.com/,1,phishtank
https://bit.ly/3Wv4nFF,1,phishtank
https://pub-f567dc03e26e4f3cb9564649c453004c.r2.dev/index.html,1,phishtank
https://docs.google.com/presentation/d/e/2PACX-1vTDlkcuh910NHtAXj3r3PL17DVE31fkK1LZGJksQ2pTtyJnid9K-hYgRFDUI-kYNENbVM2cFQKQ7RvJ/pub?start=false&amp;loop=false&amp;delayms=3000,1,phishtank
https://okaybearsworld.web.app/,1,phishtank
http://213.60.255.191/login,1,phishtank
https://www.dropbox.com/paper/doc/NkFy8HW8PDXyNyyhLQUi9?auth_token=cd.AFvW_mUe2tuZxoBgzkm5zD5ZbTHDwdM9TOpKCqqJZyxZ01Baum4p6r7WLVeaSCBD3fl30Q8_Hus-n3NoiGkgsZT3a3HHAniDvWrUGMMXIlNeorzrVzwB8e-32LKtPl-k9npP_xSNsoSyRpxUKjPBmynmfaUxOx_-WDEDrBmkoPNorTQcs6QCOjvRLxnVBaXj5XOp-dqA1hngD0CQD8-xcuAUZOZnjbhdfq0AMmu8dLH-5IMy1h0n20JPUsD4pXdZUn8Gt-38YejQoQMjBXLR_MBAX8LAMxikHDUR4fdVeC20anqQJgOI_zPKy-yFr87MI4zf6NW1ADW6-Rk649U0iUETPglS6vo2K7US_VDNfjvm7jOz-QHy7Pk-XWcQ4-mnHumV5V5sfrEeSsUJV158cddMyg57NVKPRSTefp7lxeP1nuZcY7Y8dVoxXkBwh1sxDSM_0FePeNQ8rMfd6k6Yvdrm&doc_id=GIOITLVTEFzScUihLIEyd&redirect=https%3A%2F%2Fwww.dropbox.com%2Fscl%2Ffi%2Fgo6k4srgdg09amsr6jcio%2FUntitled-4.paper%3Frlkey%3Dsytdyrqy7d0skknxg0sxfk4t8%26st%3Dvyfuy2wt%26dl%3D0,1,phishtank
https://onlymigratenowplatform.com/,1,phishtank
https://tree123.m-pages.com/iAB3rT/btbtbt-eeeoyfQ==%7C40000%7C%7C%7C&sdata=X1/yC8pVapd+aSTDdyv4Dxf/T1KyFjbtyqzE35+98HM=&reserved=0,1,phishtank
https://new.express.adobe.com/webpage/t2qjCxAIT95p7,1,phishtank
https://l.wl.co/l?u=https://qr-codes.io/VCBihx,1,phishtank
http://allegrolokalnie.net-ogloszenie-nr-291031-kup.online,1,phishtank
https://kleinanzeigen.0178271.info/receive/4603108?mail=W01FT1dd&meta=rlWjMKWwLJ50LJqyVwb1YPWhLJ1yVwbvKUIxBQAxKUIxLmywVR1yo3ptGJScoPVfVzAbLKEsnJDvBv0kZQNlBQp4BQtjZGZlYPWmMKW2nJAyVwbvn2kynJ5uoacynJqyovVfVaE5pTHvBvWgMJ93K21unJjvsD%3D%3D,1,phishtank
https://pichinchiaenlinea12.lovable.app/,1,phishtank
https://sites.google.com/view/aktualisieren-sie6/home,1,phishtank
https://nv86.ru/away.php?goto=https://review-opt.de/gov/,1,phishtank
https://l.ead.me/bfL5LX,1,phishtank
https://qrco.de/bgbyyC,1,phishtank
https://95a542b5-c4d0-487f-95d6-01f77811349f-00-h5277fwuyoho.riker.replit.dev/,1,phishtank
https://www.dropbox.com/scl/fi/4d4iqf5j2obvp5c2dgz9e/AT-T.paper,1,phishtank
https://petroservice.wixsite.com/my-site/,1,phishtank
https://q-r.to/bfFPiN,1,phishtank
https://nnfems.com/Webmail/28/Webmail/webmail.php,1,phishtank
https://us4.campaign-archive.com/?u=e75e77df0ce5a872d6efc3945&id=927451558d,1,phishtank
https://poll.forms.app/darincarrion/,1,phishtank
https://bit.ly/3RWuxzG,1,phishtank
https://qrco.de/bgbOL9,1,phishtank
https://q-r.to/bfNmbJ,1,phishtank
https://us9.campaign-archive.com/?u=73cade04dccd65b728bccb701&id=4f897b33e9,1,phishtank
https://bit.ly/ayuda-interbank,1,phishtank
https://l.ead.me/bfK7U8,1,phishtank
https://q-r.to/bgZXWJ,1,phishtank
https://docs.google.com/presentation/d/e/2PACX-1vTH0VY_s3N-fc_S4NAaTUaz1iPWLEtY4mKbK1mlGaeFI5MtZdroKFqgytfszZL0-WxiXWfNu0wKfOyN/pub?start=false&loop=false&delayms=3000&slide=id.p,1,phishtank
https://qrco.de/bfQfVc,1,phishtank
https://qrco.de/bggFGk,1,phishtank
https://q-r.to/bfLXYH,1,phishtank
https://ledger-flaws.vercel.app/,1,phishtank
https://qrco.de/bfRHPS,1,phishtank
https://sites.google.com/view/today-6-12-23/update,1,phishtank
https://designwebnetbooking.weebly.com/,1,phishtank
https://bit.ly/47k2gtb,1,phishtank
https://prezo.ai/public/new-prezo--579157ea-645d-4d5f-8a0e-6015e43b8ea1,1,phishtank
https://qrco.de/bgbcv3,1,phishtank
https://l.wl.co/l?u=https://qr-codes.io/ZWHdEY,1,phishtank
https://q-r.to/bfPj4T,1,phishtank
https://mt-e0a64.firebaseapp.com/,1,phishtank
https://docs.google.com/presentation/d/e/2PACX-1vSstepOc9p9ydYdFdkde7xLsNukGNXf9HCf-dn6SBqzGGa4X7uyWYZ-rDabEjssi6W1z--Y8ULL7Rk8/pub?start=false&loop=false&delayms=3000,1,phishtank
https://docs.google.com/forms/d/e/1FAIpQLSdDeoEpG7QbcEkvJUubUHONmangvTW91hHDrPcTwC80QFgoGw/viewform?usp=send_form,1,phishtank
https://flowserveinc.weebly.com/,1,phishtank
https://pedagio-digital.vercel.app/?utm_source=google&amp;utm_campaign=23661334013&amp;utm_medium=197082950329&amp;utm_content=800596841692&amp;utm_term=::pagar%20pedagio&amp;keyword=pagar%20pedagio&amp;device=c&amp;network=g&amp;gad_source=1&amp;gad_campaignid=23661334013&amp;gbraid=0AAAABBhEYlQxm5uwaDYKoxOtU5btGDpQ-&amp;gclid=EAIaIQobChMI54a9loiqkwMVa1BIAB2VaCVwEAMYASAAEgI1u_D_BwE,1,phishtank
https://q-r.to/bgc7TH,1,phishtank
https://qrco.de/bgMqCZ,1,phishtank
https://bit.ly/4guQDE1,1,phishtank
https://web7y.weebly.com/,1,phishtank
https://docs.google.com/presentation/d/e/2PACX-1vQbQkIMeQPUBcp540FLISDs_iBuZOeqPYt93u_CoR0_wXN6OTelC53Hz8XU61QWWZAA1ESbZFv2NhLR/pub?start=false&amp;loop=false&amp;delayms=3000,1,phishtank
https://marv-iceberg.web.app/,1,phishtank
https://tephrochronology.cfd/gatway/check.php?r=,1,phishtank
https://2ww.me/GKLHh&sa=D&sntz=1&usg=AOvVaw0Ua57Ezhl2chqs-0tAMe6W,1,phishtank
https://q-r.to/bgcmdV,1,phishtank
https://case-1000056435788567.start.page/,1,phishtank
http://tresuite-home.zapier.app/start,1,phishtank
https://fgdff.ukit.me/,1,phishtank
https://allegrolokalnie.smart-94842.cfd,1,phishtank
https://docs.google.com/presentation/d/e/2PACX-1vTHbbAT-59SE14x-cnLG6tHW89A3qPT80G9yMpoIb7w67fwDAfN5WbRrLcLFW8eUvxeHkWJrOz8bU3S/pub?start=false&amp;loop=false&amp;delayms=3000,1,phishtank
https://pub-c38ceeeb71c44013baa5e663d31d9237.r2.dev/index.html,1,phishtank
https://accoun.pksfmdt.cn/accoun,1,phishtank
https://qrco.de/bgboy4,1,phishtank
https://l.ead.me/bfKtbF,1,phishtank
https://better-changes-164053.framer.app/,1,phishtank
https://qrcodeveloper.com/code/-znLyjREs_AQ9HeQ/,1,phishtank
https://www.jotform.com/app/252522452077555,1,phishtank
http://docs--trrezor-codn.gitbook.io,1,phishtank
https://new.express.adobe.com/webpage/WBm4538y6gtdf,1,phishtank
https://begin-intro.ghost.io/start-ledger/,1,phishtank
https://docs.google.com/presentation/d/e/2PACX-1vQVz37xs8IoNmto6iu02fLrRn4V3biOCmOfssLtX8pQH3fBIT7NHDAECclVAber7tMyg4h03BaDqz18/pub?start=false&amp;loop=false&amp;delayms=3000,1,phishtank
https://reprogrammer-paquet-fr.com/index,1,phishtank
https://hotm.art/SYwFuh6,1,phishtank
https://bigbubblycarwash.com/docomo/,1,phishtank
https://kleinanzeigen.mx51088081.com/receive/33307003?mail=W1lPVVJd&meta=rlWjMKWwLJ50LJqyVwb1YPWhLJ1yVwbvKUHlAmL0KUIzMGOzVSyiqKVtGJScoTIlVvjvL2uuqS9cMPV6YGRjZQV5Zmt2AGt0ZGDfVaAypaMcL2HvBvWeoTIcozShrzIcM2IhVvjvqUyjMFV6Vz1unJkypy9jpz8vsD%3D%3D,1,phishtank
https://d314xy.csb.app/drt.htm/,1,phishtank
https://accesrewards.web.app/,1,phishtank
https://docs.google.com/presentation/d/e/2PACX-1vTDBmV0kN76abpMo0qDBXIq4_W9Tqbm57OMUN_3b8spYD4pihdkwuGmJLhviB8PISMF0Kw0ujNvpqI4/pub?start=false&loop=false&delayms=3000&slide=id.p%3E,1,phishtank
https://toll-9d2i.web.app/,1,phishtank
https://bit.ly/3yQnkuD,1,phishtank
https://vk.com/away.php?utf=1&to=https%3A%2F%2Finternal-revenue-service.rapeleiroscapixabas.com.br%2F%3F05c2febf1e6b3ecbffb07ff12080881e,1,phishtank
https://3ojeu3w.sbs/zgxlwse0/FpibSt/JlDe5P,1,phishtank
https://pub-dc2e59bc37c14990a4ca3fd1a2e63351.r2.dev/index.html,1,phishtank
https://docs.google.com/drawings/d/1MgsGjSDanFKW4k3cA7X8BQ416EblExCp3aVokmrqgLU/edit,1,phishtank
https://sparkass-sidcheck3.web.app/,1,phishtank
https://govauthh.firebaseapp.com/,1,phishtank
https://pub-a24cf1603f1243d9bfadff3897816e64.r2.dev/index.html,1,phishtank
https://anti-roboter-8e0ff.web.app/,1,phishtank
https://docs.google.com/presentation/d/e/2PACX-1vSgA6ryO8ULSR4_M9cDeUvo-C52WZfSuQpk0_jU83lA2JH5VEYQFXTb6NV6ppj0SgCUJFLXfEv35MKq/pub?start=false&amp;loop=false&amp;delayms=3000,1,phishtank
https://q-r.to/bfMLI9,1,phishtank
https://supports-metabussiness-center.pages.dev/,1,phishtank
https://sites.google.com/view/345678884/home,1,phishtank
https://katauto.eu/it/,1,phishtank
https://docs.google.com/presentation/d/e/2PACX-1vT88uhMm7eNy1rPcCTj7R9vxqlo8KQHEXauJRiiPSTRmgpSPtPTW4Y_sj2wlt1JiaEfXIwidPfEMl-_/pub,1,phishtank
https://bit.ly/43y3pdQ,1,phishtank
https://zpr.io/Q3VqdPVHixZF,1,phishtank
https://login2mailo.weebly.com/,1,phishtank
https://sp478949.sitebeat.crazydomains.com/,1,phishtank
http://allegrolokalnie.pl-328032455.cfd/oferta/kierownica-do-gier-logitech-g920/CaqPbJ4gVog11MSgZ3,1,phishtank
https://linktr.ee/unlockitnow,1,phishtank
https://mailupdate.glide.page/dl/bdc940,1,phishtank
https://info-signere-digitilsynet.com/Client/kort.php?sessionID=730992119b71176e65a64e171dc1c46ca8268e8357349bb15dcb7285f2fbf5da,1,phishtank
https://docs.google.com/presentation/d/e/2PACX-1vTyZMk2LiIjEyvpC_TLZY_Uy99MKs4oowTih6h_63xHAFaExxIrogBzPRGy0f93Uj2ibLVyBMp_L-hp/pub?start=false&amp;loop=false&amp;delayms=3000,1,phishtank
https://bit.ly/3Akzpsv,1,phishtank
https://bluespringsr-ivschooldistrict0099.ukit.me/,1,phishtank
https://considerate-noodles-586495.framer.app/,1,phishtank
https://qrco.de/bfHfcb?click?s=mXrA1M&li=%7bLIST_ID%7d&e=N&unsubcribe=abuse@att.net&p=ankthyN9&id=G6XJLKACLIHRC2DYYNTTVLGAU5ZHM6WATMF9IKBSA9GNRAW6YD?td4milprjr3feymwgyonxxrwmh1tks8xb0y9nt0ogdyzxo8inl6ovapjgxxscu7mjfqpzyjlnhbgmoslffcrp6bywok4ou9da5l2&stpe=default,1,phishtank
https://ce7169.craftum.io/,1,phishtank
https://hcomputer29orfileexplorerbutton.weebly.com/,1,phishtank
https://informativadkb.sviluppo.host/info/content/login.php?client_ID=6ubt26h6lc995m669o3b5w261j8166v4&session_ID=m69p8p1i6rwao87,1,phishtank
https://unlimitedimports.ca/wp-admin/yes/b/l/s/,1,phishtank
https://l.ead.me/bgG0pt,1,phishtank
https://loginsapo.weebly.com/,1,phishtank
https://mex-nexfly.webcindario.com/,1,phishtank
https://bit.ly/3zR1t6A,1,phishtank
https://qrco.de/bfNwQT,1,phishtank
https://www.dropbox.com/l/scl/AABduUn0uPi4kaLbBKRWENK3oG2zg7NZHYQ,1,phishtank
https://solicita-aqui-pc.webcindario.com/,1,phishtank
https://q-r.to/bfalF7,1,phishtank
https://uiriocabrabrazzz.blogspot.com/,1,phishtank
https://vo.la/fRmSVCi,1,phishtank
https://q-r.to/bfK8oi,1,phishtank
https://www.truckinutz.com/qkhdjegywhepMmphipapgt,1,phishtank
https://weizihua.github.io/MyEtherWallet/,1,phishtank
https://medredig.web.app/,1,phishtank
https://docs.google.com/forms/d/e/1FAIpQLSfFgLstoUe3_rQZQxEDEjvOcozuD-gQ5dM1wQd0de4V4I-R-w/viewform,1,phishtank
https://docs.google.com/presentation/d/e/2PACX-1vRAAdoApBnWBtjCZuuA5P3tH6EKDvwFu8DTrGtFHWBbOTEwwtYcDaD-iuXpgzaPwNGPQsVyNzT2omfZ/pub?start=false&amp;loop=false&amp;delayms=3000&amp;slide=id.g2d673bda738_0_3,1,phishtank
https://docs.google.com/presentation/d/e/2PACX-1vTTbSiNG56aLUYndYdT8_yQ8eK9iSa7tx23oHC98idk8a-rXQ2-QAkAbdzHDlG9_VMZ0HFOs7jpWZta/pub?start=false&amp;loop=false&amp;delayms=3000,1,phishtank
https://l.ead.me/bgcgJi,1,phishtank
https://floridainternationaluniversit.ukit.me/,1,phishtank
https://docs.google.com/presentation/d/e/2PACX-1vQdpXfpWZuz_CvKRXj5fYl8o9NgbSTv8pR-XkD_SB5pKlX9hck4Yi1ezOKpWGTAVQArbqP1kfO_0ZQP/pub?start=false&amp;loop=false&amp;delayms=3000,1,phishtank
https://l.ead.me/bfrAv6,1,phishtank
https://docs.google.com/presentation/d/e/2PACX-1vQ57fBH-mQKeLN1WFK596hCl-p9K-6sc4jy4gwDuQVNmKXp4QWx4APedNlWqIpL1JSK6-OE-uOjwod6/pub?start=false&loop=false&delayms=3000,1,phishtank
https://us14.campaign-archive.com/?u=688c707fa5027b0ca44604aec&id=0dac99bc40,1,phishtank
https://americanuniversityofbeirut.ukit.me/,1,phishtank
https://qrco.de/76aafcf778921eeadc97a567f685cd5c,1,phishtank
https://qrco.de/bfDLzI,1,phishtank
https://new.express.adobe.com/webpage/bUuDdQvS876EO,1,phishtank
https://gerador-deminimoedas.weebly.com/,1,phishtank
https://docs.google.com/presentation/d/1u95F0q6-CKmQx9WT6q8MGCZcL4aOHyUTSInrFH39dRs/pub?start=false&amp;loop=false&amp;delayms=3000,1,phishtank
https://l.ead.me/bgblJu,1,phishtank
https://docs.google.com/presentation/d/e/2PACX-1vRQNAZThZxNs3r1XJJ7d7UCq6mA1vKTRyW1EKRecsnD82AkRBPXIMc4QtNLAlYG4zax7nVKtWFl0a2M/pub?start=false&amp;loop=false&amp;delayms=3000,1,phishtank
https://shaike-restore.weebly.com/,1,phishtank
https://docs.google.com/presentation/d/e/2PACX-1vQq0IjjchKytZWhfuyVF4cN-LcS4ZcuNzNXdK2XlESRkJ7B3YISDw8TKxbc1iwjycU_N6rAtOTdBmVx/pub?start=false&amp;loop=false&amp;delayms=3000,1,phishtank
https://att-105410.weeblysite.com/,1,phishtank
https://tapk.it/connectbrandtvnow0iceph,1,phishtank
https://qrco.de/bgaRbU,1,phishtank
https://paquet-express219.com/,1,phishtank
https://pub-7b9dc54f172c4efbb2c731d4aa2f884a.r2.dev/index.html,1,phishtank
https://postygonarax.com,1,phishtank
https://ekont-bg.com/deu.php,1,phishtank
https://bncrfli.xyz/i/home.html,1,phishtank
https://laskaratikur.com/?gad_source=1&amp;gad_campaignid=23527843862&amp;gbraid=0AAAABCyi6PF9Xn8JtEMj7Jbc8UGdskVGp&amp;gclid=EAIaIQobChMI6-HWjPrMkgMVGfJ5BB0uHiV9EAMYASAAEgJY8PD_BwE,1,phishtank
https://l.ead.me/bfEQPx,1,phishtank
https://t.co/HmAm0FccY3,1,phishtank
https://santegouve-actu.com/pages/avcard.php,1,phishtank
https://l.ead.me/bfQLJC,1,phishtank
https://pub-e4ee3c7a6ea643b093c9899a391e9e8c.r2.dev/index.html,1,phishtank
https://pro111-guardian-cu-technow.firebaseapp.com/,1,phishtank
https://entrarbanrurral.webcindario.com/,1,phishtank
https://q-r.to/bgc3YF,1,phishtank
https://docs.google.com/presentation/d/e/2PACX-1vSd6AUNxce3q8iRfJa3LzSef8RYKHLl8DDL-hOqJQzKLqz9TQtgJzYWCjw5DUD08JodeVIz2Y3pI1Ax/pub?start=false&amp;loop=false&amp;delayms=3000,1,phishtank
https://qrco.de/betRQ4,1,phishtank
https://us3.campaign-archive.com/?u=aa024a32f6dc29685842a7d35&id=d6a37b5b2f,1,phishtank
https://qrco.de/bfPLdB,1,phishtank
https://bafkreibiotmccghlokfmpuwhvkucmdzd2qmoft4vpwaaas5c2wrudokiea.ipfs.dweb.link/,1,phishtank
https://verft4ajett.webcindario.com,1,phishtank
https://www.spednetprovedor.kinghost.net/?+++++++++++++++++++++++++++++++&amp;utm_source=perpetuo&amp;utm_medium=cpc&amp;utm_campaign=google&amp;utm_content=pesquisa&amp;utm_term=atendimento&amp;gad_source=1&amp;gad_campaignid=23460147483&amp;gclid=EAIaIQobChMI5Py9r9uwkgMV0UVIAB3S0AKrEAMYASAAEgKVofD_BwE,1,phishtank
https://hjfahugohghg.weebly.com,1,phishtank
https://domotelelectric.com,1,phishtank
https://eu.jotform.com/app/251844387609367,1,phishtank
https://www.dropbox.com/scl/fi/f5ik3khbhn3f07fr1kzzl/TalkTalk-Webmail.papert?rlkey=5t3nka433x6badqh83x9ysucs&st=h4v968xc&dl=0,1,phishtank
https://twwqzf.webwave.dev/,1,phishtank
https://new.express.adobe.com/webpage/vqHaQjGXVS7ep,1,phishtank
https://qrco.de/bga5SH,1,phishtank
https://honlapmester.com/uw0wnyzz,1,phishtank
https://1mofu.trk.elasticemail.com/tracking/click?d=7yjp00-JjbfCaYueDR0lKGYxDoM_4ECAfhJutPcNWJ7EQykmT3wXpFNk1zl9kAOC24F7ZpTlmLzLsyJ7TJMrh_gCrvxQMiZmYM1qoU_ZU6XqqvPbtYewj_CQDe1OOIpuo8y3tdEZXFU3i4GLuRsm3jP-br46OrRzPurGR7DoBai7CIywgZFwpPPbrLpqahILDw2#redacted@abuse.ionos.com,1,phishtank
http://consolerepairs.org.uk/newsite/wp-content/plugins/wp-databases-antiquated/index.php?r=bD1odHRwczovL2RxcmRidi5jb20v,1,phishtank
https://load-page-now-100054287.firebaseapp.com/,1,phishtank
https://did.li/7Gd6q,1,phishtank
https://l.ead.me/bfIo35,1,phishtank
https://googleads.g.doubleclick.net/pcs/click?xai=AKAOjsvfG-7ngPewlrotzy0L9jgkGeVDIo7OeZz3kOZNLpTjofqspgzkcyCDAO_JxomC_GGys_gMT9iiA1eximZsnGm9CP75sJnJ3WojVKhB7o1VXCHcE9GRJaWV40iJbfvMPNyM1oaxsdxMKubGRKrEgcKqqnixFGlG71btt8NM4V8sFickRvREKIIw0qELAc_zYk-91XCqP3rShcKz9rEyirghOgkK3RZ1rJSNwNhrpOOc9PDgX3K4XEl1lDTmNboZxfWVexcU_9-faVqKM62gYoTRkV8Dg065scjFXQIaD-McSohqr6NG8D68jxGl4O0DtP0zMpDn6LQRFwBYfWRgC5HdP-h9y72PTwpHzRYilIngJKka4l7kOnC5n4s89OOMhEWbZ7GlitL3MvtCDf92Y0mk1PuhjIlOqwBP&amp;sai=AMfl-YS17WS1tsmufrMuzWrssk0Fm1aOY4Ovw3sOv2XCTQHRfzftY10i58pdp8aQaF0UNV57umFXAOIViRV93vP6_3wJw5VOmZoERgitf2IfRNb3xaY&amp;sig=Cg0ArKJSzEFGB1vdX2he&amp;fbs_aeid=%5Bgw_fbsaeid%5D&amp;adurl=https://vk.cc/cOZZ0n?trackingid=QsvPyqj64J&amp;signature=newsletter?utm_source=newsletter&amp;utm_medium=email&amp;utm_campaign=7nRts7u2,1,phishtank
https://docs.google.com/presentation/d/e/2PACX-1vR-iCU7z9X3UAdtdOlSSFraMWfkEoHqsVo9yFH5wBwEsrkFHxaXutHyAEUWi2DVi_o9TAkPmnl8lBaa/pub,1,phishtank
https://honest-tenure-126772.framer.app/,1,phishtank
https://share-eu1.hsforms.com/1vXl3AmqbSB6kuSZ9Ydc0VQ2fmfpn,1,phishtank
https://delegene1.firebaseapp.com/,1,phishtank
https://qrco.de/bgbKyD,1,phishtank
https://new.express.adobe.com/webpage/aZfAT3o9ux21Q,1,phishtank
https://docs.google.com/presentation/d/e/2PACX-1vTuLxxWZh-nHZ5G75ez_6FgNa-XiSsbdEd0YEWiT6zl-vMURyMW-i_duAslMbBolTN9WuHxLKGs3HWj/pub?start=false&loop=false&delayms=3000,1,phishtank
https://docs.google.com/presentation/d/e/2PACX-1vQY7KKkfy0GF5w0-o1Oni8gSLE4uO723JnZjBJuMmRTT3QPsqF5uQfIlrr6xvdPNBkw32-umXG7Og6x/pub?start=false&amp;loop=false&amp;delayms=3000,1,phishtank
https://maxlityu.firebaseapp.com/,1,phishtank
https://allegro.pl-oferta56296716.icu,1,phishtank
https://docs.google.com/presentation/d/e/2PACX-1vRCZMVtpMQIQ5MjLvmYtxvHwQBlkuqJFZA4i6gR9kjKt8ouWz3U8PmF0zsETDYuLalT5hyC2fnJh6NG/pub?start=false&amp;loop=false&amp;delayms=3000&amp;slide=id.p,1,phishtank
https://q-r.to/bgac57,1,phishtank
https://qrco.de/bfKx0P,1,phishtank
https://docs.google.com/presentation/d/1UptcqntXc5IacjimJfWP5rURuSx1oQ9a1c0knwkttJQ/edit,1,phishtank
https://tinyurl.com/bytydgezrrf,1,phishtank
https://l.ead.me/bfK9Hk,1,phishtank
https://jpya1r.webwave.dev/,1,phishtank
https://l.ead.me/bfNiI3,1,phishtank
https://corretorabm.com.br/taSTGpnNs21IMm1mDrui3M2TZEEIByGR/?email=david.walsh@dwamortgages.com&mailer=raolegal,1,phishtank
https://l.ead.me/bfUlMA,1,phishtank
https://us14.campaign-archive.com/?u=0ba4d8da3d45351f3b2d012cb&id=f117a5b685,1,phishtank
https://daumnbgtgtrdfd222.weebly.com/,1,phishtank
https://docs.google.com/drawings/d/1Y6TV83YJ89xeB-o7_RBKtDx9o1d9gy7GDfdlOto-GQI/edit,1,phishtank
https://linkdntest.vercel.app/,1,phishtank
https://us15.campaign-archive.com/?u=3a2847570913dc5d73af88d5c&id=fa4621d356,1,phishtank
https://qrco.de/bgc73t,1,phishtank
https://pub-03bb804525264befbac4cc1e87ca3c79.r2.dev/2umfj7L4QK.html,1,phishtank
https://pub-2fd40031391d4470a8c3c1090493deca.r2.dev/index.html,1,phishtank
https://docs.google.com/presentation/d/e/2PACX-1vQm2GrOp-EtaiKXbmxblWQuerDpO_qIlYnWF__yK01fSXd47RCkwSinkxcw4PD15HdDuLWlcxxpm1xE/pub,1,phishtank
https://pub-cd91661b203a49fab6866e902fe1c03e.r2.dev/index.html,1,phishtank
https://docs.google.com/presentation/d/e/2PACX-1vQ9MT8dTIPgbFjOo4SM7XyLlCAvDfOCrEFVgleZIFHSstOjQSVYjwiUVasG135rE2nq7p9JGy_fDi64/pub?start=true&amp;loop=true&amp;delayms=1000,1,phishtank
https://bafkreibltrxhxybtunzstamen7ic3kul2uxyvgcq4zwg55f55vq2zncmie.ipfs.dweb.link/,1,phishtank
https://forologikesenimeroseis.firebaseapp.com/,1,phishtank
https://l.ead.me/bfTeN2,1,phishtank
https://docs.google.com/presentation/d/e/2PACX-1vRHfRPxrEjn9Odfq-PLg6xBvBSj1aEvKvJaVg17lj-KIcbq3vhMqN88_H2TWmOJuTllp4VpxxAVts9j/pub?start=false&amp;loop=false&amp;delayms=3000,1,phishtank
https://app.box.com/notes/1979373409553?s=hf0m1q56q7pb2shw1ziynzjxckt1607e,1,phishtank
https://docs.google.com/presentation/d/e/2PACX-1vTa09yNPg-pKOAbZ_N2NJ08m4Q4mUFgHSOLDc__rUGkyJnCAsLekcbpKqeZaHAiQzfqLueo9Ox3YSKW/pub?start=false&amp;loop=false&amp;delayms=3000,1,phishtank
https://tinyurl.com/88y3zpme,1,phishtank
https://collaborative-leadership-470437.framer.app/,1,phishtank
https://flow.page/spacen,1,phishtank
https://l.ead.me/bfFtna,1,phishtank
https://qrco.de/bgbodM,1,phishtank
https://q-r.to/bgbAVB,1,phishtank
https://sandra-patricia241.systeme.io/follow,1,phishtank
https://q-r.to/bgbmuE,1,phishtank
https://store108574004.company.site/,1,phishtank
https://hopeful-requests-786186.framer.app/,1,phishtank
https://l.ead.me/bgaQuQ,1,phishtank
https://itau.one/cl,1,phishtank
https://bafkreightba4mvdhsmukefcqyt7i3mnbro3os7yxm545uguv6afzio2saq.ipfs.dweb.link/,1,phishtank
https://cauradaada.web.app/,1,phishtank
http://app-rackspaces.vercel.app/login.html,1,phishtank
https://smith-county-road-department-supervisor.weebly.com/,1,phishtank
https://podasalternativa.com.br/main/gggg/arubaaufix/web/authen.php,1,phishtank
http://certificado.vouserpai.com.br/wp-content/plugins/wp-nasa-registry/index.php?r=bD1odHRwczovL2RxcmRidi5jb20v,1,phishtank
http://49.51.43.12/v3/signin/identifier?dsh=S1158370433%3A1680591631744889&amp%3Bfollowup=https%3A%2F%2Faccounts.google.com%2F&amp%3Bifkv=AQMjQ7QyROPzn0qaqnYvX4_aw7qH8RajahyDV4UI8mo2Mw7SaNi-z6QQG4MH4pDlzJ2gDPTt_nm2&amp%3Bpassive=1209600&continue=https%3A%2F%2Faccounts.google.com%2F&flowName=WebLiteSignIn&flowEntry=ServiceLogin&ifkv=AQMjQ7R8rk1c_PCxjRgkJ6UHG_gmU1POqR__nmtNsfXwsTCyFeV0KVCyMQqega4MXR8gNIwabBQvwA,1,phishtank
https://bit.ly/3xOB4FL,1,phishtank
http://delfinoarcuri4iad.blogspot.com/?m=1,1,phishtank
https://l.ead.me/bgc3Yb,1,phishtank
https://pub-41c2e04eed7c43bd89ebd5fbedf3f7b2.r2.dev/index.html,1,phishtank
https://docs.google.com/drawings/d/1KtkrcQ9_6KoYJgQzZJQmQ60o23jDSUn59mRgULVC2iY/edit,1,phishtank
https://maps.google.rs/url?q=https://dfugklkiglknfxcchvjhvjhvj.b-cdn.net/&sa=D&sntz=1&usg=AOvVaw3yWNCTO8KGFo_DyPgETJXh#?245903099534r7src1onos=anVnZW5kc2NodXR6QGluZm8uZ214Lm5ldA=,1,phishtank
https://lumen-app-backend.web.app/,1,phishtank
https://sites.google.com/view/rslteinbox/home,1,phishtank
https://redifinks.web.app/,1,phishtank
https://crtscpewxi.firebaseapp.com/,1,phishtank
https://crazylittledudeserfr.firebaseapp.com/,1,phishtank
https://tenchi323cungduojc.pages.dev/,1,phishtank
https://my.forms.app/chivo291/loan,1,phishtank
https://www.dropbox.com/scl/fi/3q52qfd8lis29v9rhza38/BT-VOICE-NOTIFICATION.papert?rlkey=4b5qojjz6up7wzh96znp6njo3&dl=0,1,phishtank
https://l.wl.co/l?u=https://qr-codes.io/ijdMPu,1,phishtank
https://hh1iil.firebaseapp.com/,1,phishtank
https://docs.google.com/presentation/d/e/2PACX-1vTJntOLA7Ws1z7KchgDwfJ__dZ60MYwFl4kYNoyTgs9Yh1dCdmXly_UvKg-rfwkOaIpPFDbyZK-dLs-/pub?start=false&amp;loop=false&amp;delayms=3000&amp;slide=id.p,1,phishtank
https://docs.google.com/presentation/d/e/2PACX-1vQ7UA37nsBjOPFk9iWdNERbHe2RpNgqL1cqH8xHhw_dQTm9ycwKgHzVEcFX3oFRaq8CBgV0pr4fLg1q/pub?start=false&amp;loop=false&amp;delayms=3000&amp;slide=id.p,1,phishtank
https://bradesco.primeoficial.com,1,phishtank
https://microsoftuwedupl.weebly.com/,1,phishtank
https://bobablacksheep.gotrackier.com/click?campaign_id=1&amp;pub_id=2&amp;gclid=Cj0KCQjwwO20BhCJARIsAAnTIVSaCVZ1w2vUU8q6nmq3mmx7yMlsN2sd1uinjomIxdDYcYI5FNL54YcaAkKsEALw_wcB,1,phishtank
https://docs.google.com/presentation/d/e/2PACX-1vRHZri7s3bRCkBY7iBZnkJ1IOpNVH38KArEHJdjrQ_pn6inRxcSCZ8WshINdHmTL7bvwU_d5T3pPzs_/pub?start=false&amp;loop=false&amp;delayms=3000&amp;slide=id.p,1,phishtank
https://docs.google.com/presentation/d/e/2PACX-1vR0meWvB11WMhFfaogRmAPUg4oeN7HY4IGFaV6tx-ZKiZiJaNJdBodANmpqh-fp6fYgefTq-nFtfygA/pub?start=false&amp;loop=false&amp;delayms=3000,1,phishtank
https://id8237462222123.web.app/,1,phishtank
https://www.cognitoforms.com/Xyr3qdvhdetryzwyfx/SignInToCurrentlyATT,1,phishtank
https://nnfems.com/Webmail/25/Webmail/webmail.php,1,phishtank
https://isonic.weebly.com/,1,phishtank
https://blog.luncheonette.de/GNYFKNNJX/GNYFKNNJX.html,1,phishtank
https://docs.google.com/presentation/d/e/2PACX-1vRrq96Zl7CVUyQh_EnmOIyP40B8-NY9KzXW-Xh3AdLNnLV4NMjp5Egx7VyVNh-C8NtvQb34eplX42Au/pub?start=false&amp;loop=false&amp;delayms=3000,1,phishtank
https://l.ead.me/bgbG58,1,phishtank
http://allegrolokalnie.pl-kategorie-polecane-38594.sbs,1,phishtank
https://deepp--bssniiees--674838.start.page/,1,phishtank
https://q-r.to/bfE5vD,1,phishtank
https://docs.google.com/presentation/d/e/2PACX-1vQxjAx0GnYQas4UNaM4UG5_HqYK0mB0ZFa5tRATMg3GYc9JTweavyoHM28JkBw4PGAS-gfnq4QklNvD/pub?start=true&amp;loop=true&amp;delayms=3000,1,phishtank
https://updataservcoreo25.weebly.com/,1,phishtank
https://nnfems.com/Webmail/18/Webmail/webmail.php,1,phishtank
https://docs.google.com/presentation/d/e/2PACX-1vTqQ9E2ruJHig_vDANOnQ08Ql1Vc6EHrUWj5s9DCoQFisMFTFF1iLhKVHqNKSGDkL4UnSWkMQAlvWm2/pub?start=false&amp;loop=false&amp;delayms=3000,1,phishtank
https://ar24-europa.netlify.app/?utm_source=sniply&amp;utm_campaign=sniply&amp;utm_medium=sniply,1,phishtank
https://dyc.esl.mybluehost.me/e.php,1,phishtank
https://pub-51bf9d59b05d41ba8683e8ac6bce5527.r2.dev/index.html,1,phishtank
https://q-r.to/bgaTaQ,1,phishtank
https://docs.google.com/presentation/d/e/2PACX-1vTGp0Wv6L-z-S6X3L9Vdk6JVEi7UQyCY3gOAZo4OMTG-j7iMNIbvT44Wbz08cu1LBAdZXru5oik7fpV/pub?start=false&amp;loop=false&amp;delayms=3000,1,phishtank
https://l.ead.me/bgaEzu,1,phishtank
https://q-r.to/bgbeKD,1,phishtank
https://us8.campaign-archive.com/?u=99dacea082cf8a25284579997&id=3442a215dd,1,phishtank
http://srv247867.hoster-test.ru/correosclean/cor2K25/corr/corr.php,1,phishtank
https://www.inductfit.cfd/gatway/check.php?r=,1,phishtank
https://enterprise-node.s3.ap-southeast-1.amazonaws.com/idBKphRcLh2AUK?em=redacted@abuse.ionos.com,1,phishtank
https://bit.ly/49UnmQ4,1,phishtank
https://docs.google.com/drawings/d/1WLTCl85BcX6xH87oX4pWnH1QV2TP8oFq4gWIHaCpvMQ/edit,1,phishtank
https://web-rabby.to/,1,phishtank
https://securerocklandfcu.weebly.com/,1,phishtank
https://huahinall.com/js-system/index.html,1,phishtank
https://sites.google.com/view/customersevices/home,1,phishtank
https://qrco.de/bfeiFuB0c4hB4ru,1,phishtank
https://bafkreiaggjur2kxn74nucktxkgksih6dizwmktsceb2pz2lcqt2uobcx4y.ipfs.dweb.link/,1,phishtank
https://docs.google.com/presentation/d/e/2PACX-1vTSrdEhj4Mn3deQE2Lhgeq7a4kvKJggqJpKjPZivAM7FNClxss94U0S-dybdT-TX7ltHOevCGfgo1Z9/pub?start=false&amp;loop=false&amp;delayms=3000,1,phishtank
https://new.express.adobe.com/webpage/VTS1Gzp57X6Ir,1,phishtank
https://www.v7producoes.com/antai/redirect.php,1,phishtank
https://q-r.to/bfbJaw,1,phishtank
https://weddtetu.weebly.com/,1,phishtank
https://storage.cloud.google.com/solttitll098/upgrade/kakasecondauto.html#hana.hlavackova@mup.cz,1,phishtank
https://1xncok3.weebly.com/,1,phishtank
https://qrco.de/bgcXer,1,phishtank
https://ddkkneat-euclid.45-88-108-231.plesk.page/fdfgdfgfdd.php,1,phishtank
https://aefnyuali.firebaseapp.com/,1,phishtank
https://khalidhassan832.github.io/sign-ins/,1,phishtank
https://l.wl.co/l?u=https://qrco.de/bf8VrGScegw4324wefgw,1,phishtank
https://urbancollectionoficial.com/,1,phishtank
https://xn--aurirati-m4b.weebly.com/,1,phishtank
https://l.ead.me/bgaisz,1,phishtank
https://virtual.labdigbdbstgpb.com/,1,phishtank
http://zuza.stefek.szczecin.pl/Webmail/73/Webmail/webmail.php,1,phishtank
https://support-pages2024.start.page/,1,phishtank
https://google.com,0,majestic_top2000
https://facebook.com,0,majestic_top2000
https://youtube.com,0,majestic_top2000
https://instagram.com,0,majestic_top2000
https://twitter.com,0,majestic_top2000
https://linkedin.com,0,majestic_top2000
https://googletagmanager.com,0,majestic_top2000
https://microsoft.com,0,majestic_top2000
https://apple.com,0,majestic_top2000
https://github.com,0,majestic_top2000
https://wikipedia.org,0,majestic_top2000
https://wordpress.org,0,majestic_top2000
https://youtu.be,0,majestic_top2000
https://play.google.com,0,majestic_top2000
https://en.wikipedia.org,0,majestic_top2000
https://goo.gl,0,majestic_top2000
https://maps.google.com,0,majestic_top2000
https://pinterest.com,0,majestic_top2000
https://x.com,0,majestic_top2000
https://vimeo.com,0,majestic_top2000
https://docs.google.com,0,majestic_top2000
https://apps.apple.com,0,majestic_top2000
https://whatsapp.com,0,majestic_top2000
https://wa.me,0,majestic_top2000
https://tiktok.com,0,majestic_top2000
https://policies.google.com,0,majestic_top2000
https://nginx.org,0,majestic_top2000
https://f5.com,0,majestic_top2000
https://nginx.com,0,majestic_top2000
https://amazon.com,0,majestic_top2000
https://adobe.com,0,majestic_top2000
https://bit.ly,0,majestic_top2000
https://drive.google.com,0,majestic_top2000
https://wordpress.com,0,majestic_top2000
https://mozilla.org,0,majestic_top2000
https://api.whatsapp.com,0,majestic_top2000
https://support.google.com,0,majestic_top2000
https://player.vimeo.com,0,majestic_top2000
https://europa.eu,0,majestic_top2000
https://blogspot.com,0,majestic_top2000
https://plus.google.com,0,majestic_top2000
https://maps.app.goo.gl,0,majestic_top2000
https://apache.org,0,majestic_top2000
https://t.me,0,majestic_top2000
https://mailinabox.email,0,majestic_top2000
https://github.io,0,majestic_top2000
https://itunes.apple.com,0,majestic_top2000
https://gravatar.com,0,majestic_top2000
https://forms.gle,0,majestic_top2000
https://reddit.com,0,majestic_top2000
https://yahoo.com,0,majestic_top2000
https://miit.gov.cn,0,majestic_top2000
https://nih.gov,0,majestic_top2000
https://httpd.apache.org,0,majestic_top2000
https://qq.com,0,majestic_top2000
https://beian.miit.gov.cn,0,majestic_top2000
https://spotify.com,0,majestic_top2000
https://support.apple.com,0,majestic_top2000
https://tumblr.com,0,majestic_top2000
https://macromedia.com,0,majestic_top2000
https://godaddy.com,0,majestic_top2000
https://amazonaws.com,0,majestic_top2000
https://archive.org,0,majestic_top2000
https://open.spotify.com,0,majestic_top2000
https://sites.google.com,0,majestic_top2000
https://ec.europa.eu,0,majestic_top2000
https://office.com,0,majestic_top2000
https://flickr.com,0,majestic_top2000
https://nytimes.com,0,majestic_top2000
https://medium.com,0,majestic_top2000
https://baidu.com,0,majestic_top2000
https://w3.org,0,majestic_top2000
https://creativecommons.org,0,majestic_top2000
https://soundcloud.com,0,majestic_top2000
https://forbes.com,0,majestic_top2000
https://zoom.us,0,majestic_top2000
https://live.com,0,majestic_top2000
https://www.ncbi.nlm.nih.gov,0,majestic_top2000
https://web.archive.org,0,majestic_top2000
https://sciencedirect.com,0,majestic_top2000
https://sourceforge.net,0,majestic_top2000
https://cpanel.net,0,majestic_top2000
https://doi.org,0,majestic_top2000
https://theguardian.com,0,majestic_top2000
https://paypal.com,0,majestic_top2000
https://shopify.com,0,majestic_top2000
https://who.int,0,majestic_top2000
https://wixsite.com,0,majestic_top2000
https://oracle.com,0,majestic_top2000
https://t.co,0,majestic_top2000
https://opera.com,0,majestic_top2000
https://vk.com,0,majestic_top2000
https://dropbox.com,0,majestic_top2000
https://youtube-nocookie.com,0,majestic_top2000
https://cnn.com,0,majestic_top2000
https://launchpad.net,0,majestic_top2000
https://accounts.google.com,0,majestic_top2000
https://dropcatch.com,0,majestic_top2000
https://tinyurl.com,0,majestic_top2000
https://bbc.com,0,majestic_top2000
https://cloudflare.com,0,majestic_top2000
https://googleblog.com,0,majestic_top2000
https://springer.com,0,majestic_top2000
https://researchgate.net,0,majestic_top2000
https://php.net,0,majestic_top2000
https://mit.edu,0,majestic_top2000
https://bbc.co.uk,0,majestic_top2000
https://reuters.com,0,majestic_top2000
https://bing.com,0,majestic_top2000
https://harvard.edu,0,majestic_top2000
https://nature.com,0,majestic_top2000
https://issuu.com,0,majestic_top2000
https://wiley.com,0,majestic_top2000
https://gnu.org,0,majestic_top2000
https://wikimedia.org,0,majestic_top2000
https://weibo.com,0,majestic_top2000
https://cdc.gov,0,majestic_top2000
https://ibm.com,0,majestic_top2000
https://weebly.com,0,majestic_top2000
https://un.org,0,majestic_top2000
https://debian.org,0,majestic_top2000
https://imdb.com,0,majestic_top2000
https://m.facebook.com,0,majestic_top2000
https://linktr.ee,0,majestic_top2000
https://mp.weixin.qq.com,0,majestic_top2000
https://cookiedatabase.org,0,majestic_top2000
https://plesk.com,0,majestic_top2000
https://stanford.edu,0,majestic_top2000
https://washingtonpost.com,0,majestic_top2000
https://discord.gg,0,majestic_top2000
https://wpa.qq.com,0,majestic_top2000
https://outlook.com,0,majestic_top2000
https://discord.com,0,majestic_top2000
https://bloomberg.com,0,majestic_top2000
https://example.com,0,majestic_top2000
https://wsj.com,0,majestic_top2000
https://msn.com,0,majestic_top2000
https://www.gov.uk,0,majestic_top2000
https://beian.gov.cn,0,majestic_top2000
https://statista.com,0,majestic_top2000
https://nasa.gov,0,majestic_top2000
https://g.page,0,majestic_top2000
https://telegram.me,0,majestic_top2000
https://unsplash.com,0,majestic_top2000
https://businessinsider.com,0,majestic_top2000
https://expireddomains.com,0,majestic_top2000
https://list-manage.com,0,majestic_top2000
https://cloudfront.net,0,majestic_top2000
https://calendly.com,0,majestic_top2000
https://amzn.to,0,majestic_top2000
https://etsy.com,0,majestic_top2000
https://mysql.com,0,majestic_top2000
https://ietf.org,0,majestic_top2000
https://get.adobe.com,0,majestic_top2000
https://canva.com,0,majestic_top2000
https://line.me,0,majestic_top2000
https://gitlab.com,0,majestic_top2000
https://eventbrite.com,0,majestic_top2000
https://openai.com,0,majestic_top2000
https://myshopify.com,0,majestic_top2000
https://addtoany.com,0,majestic_top2000
https://cnbc.com,0,majestic_top2000
https://twitch.tv,0,majestic_top2000
https://wired.com,0,majestic_top2000
https://googleusercontent.com,0,majestic_top2000
https://time.com,0,majestic_top2000
https://ebay.com,0,majestic_top2000
https://sharepoint.com,0,majestic_top2000
https://slideshare.net,0,majestic_top2000
https://commons.wikimedia.org,0,majestic_top2000
https://behance.net,0,majestic_top2000
https://stripe.com,0,majestic_top2000
https://npr.org,0,majestic_top2000
https://go.com,0,majestic_top2000
https://oup.com,0,majestic_top2000
https://wp.com,0,majestic_top2000
https://stackoverflow.com,0,majestic_top2000
https://uk.com,0,majestic_top2000
https://calendar.google.com,0,majestic_top2000
https://trustpilot.com,0,majestic_top2000
https://hp.com,0,majestic_top2000
https://w.soundcloud.com,0,majestic_top2000
https://aboutads.info,0,majestic_top2000
https://dailymail.co.uk,0,majestic_top2000
https://arxiv.org,0,majestic_top2000
https://bsky.app,0,majestic_top2000
https://tandfonline.com,0,majestic_top2000
https://usatoday.com,0,majestic_top2000
https://telegraph.co.uk,0,majestic_top2000
https://ft.com,0,majestic_top2000
https://aol.com,0,majestic_top2000
https://validator.w3.org,0,majestic_top2000
https://berkeley.edu,0,majestic_top2000
https://hubspot.com,0,majestic_top2000
https://outlook.live.com,0,majestic_top2000
https://loc.gov,0,majestic_top2000
https://gc.ca,0,majestic_top2000
https://substack.com,0,majestic_top2000
https://blogger.com,0,majestic_top2000
https://g.co,0,majestic_top2000
https://google.de,0,majestic_top2000
https://cnet.com,0,majestic_top2000
https://unesco.org,0,majestic_top2000
https://ted.com,0,majestic_top2000
https://amazon.co.uk,0,majestic_top2000
https://outlook.office.com,0,majestic_top2000
https://techcrunch.com,0,majestic_top2000
https://jotform.com,0,majestic_top2000
https://mdpi.com,0,majestic_top2000
https://tripadvisor.com,0,majestic_top2000
https://britannica.com,0,majestic_top2000
https://gouv.fr,0,majestic_top2000
https://cornell.edu,0,majestic_top2000
https://ca.gov,0,majestic_top2000
https://surveymonkey.com,0,majestic_top2000
https://allaboutcookies.org,0,majestic_top2000
https://pixabay.com,0,majestic_top2000
https://networkadvertising.org,0,majestic_top2000
https://sagepub.com,0,majestic_top2000
https://booking.com,0,majestic_top2000
https://independent.co.uk,0,majestic_top2000
https://wix.com,0,majestic_top2000
https://free.fr,0,majestic_top2000
https://cbsnews.com,0,majestic_top2000
https://mailchimp.com,0,majestic_top2000
https://squarespace.com,0,majestic_top2000
https://dailymotion.com,0,majestic_top2000
https://redhat.com,0,majestic_top2000
https://fda.gov,0,majestic_top2000
https://bandcamp.com,0,majestic_top2000
https://iso.org,0,majestic_top2000
https://hbr.org,0,majestic_top2000
https://imgur.com,0,majestic_top2000
https://sina.com.cn,0,majestic_top2000
https://prnewswire.com,0,majestic_top2000
https://samsung.com,0,majestic_top2000
https://yelp.com,0,majestic_top2000
https://theverge.com,0,majestic_top2000
https://mckinsey.com,0,majestic_top2000
https://themeforest.net,0,majestic_top2000
https://aliyun.com,0,majestic_top2000
https://cambridge.org,0,majestic_top2000
https://sedo.com,0,majestic_top2000
https://myspace.com,0,majestic_top2000
https://washington.edu,0,majestic_top2000
https://scholar.google.com,0,majestic_top2000
https://thenai.org,0,majestic_top2000
https://i0.wp.com,0,majestic_top2000
https://bilibili.com,0,majestic_top2000
https://wpguardian.com,0,majestic_top2000
https://wpguardian.io,0,majestic_top2000
https://investopedia.com,0,majestic_top2000
https://princeton.edu,0,majestic_top2000
https://huawei.com,0,majestic_top2000
https://web.whatsapp.com,0,majestic_top2000
https://goodreads.com,0,majestic_top2000
https://office365.com,0,majestic_top2000
https://netflix.com,0,majestic_top2000
https://latimes.com,0,majestic_top2000
https://dx.doi.org,0,majestic_top2000
https://mailchi.mp,0,majestic_top2000
https://yandex.ru,0,majestic_top2000
https://ieee.org,0,majestic_top2000
https://163.com,0,majestic_top2000
https://taobao.com,0,majestic_top2000
https://docker.com,0,majestic_top2000
https://worldbank.org,0,majestic_top2000
https://nationalgeographic.com,0,majestic_top2000
https://whitehouse.gov,0,majestic_top2000
https://weforum.org,0,majestic_top2000
https://frontiersin.org,0,majestic_top2000
https://mayoclinic.org,0,majestic_top2000
https://zendesk.com,0,majestic_top2000
https://youronlinechoices.com,0,majestic_top2000
https://readthedocs.io,0,majestic_top2000
https://epa.gov,0,majestic_top2000
https://usda.gov,0,majestic_top2000
https://webmd.com,0,majestic_top2000
https://scribd.com,0,majestic_top2000
https://chatgpt.com,0,majestic_top2000
https://freepik.com,0,majestic_top2000
https://ubuntu.com,0,majestic_top2000
https://academia.edu,0,majestic_top2000
https://python.org,0,majestic_top2000
https://theatlantic.com,0,majestic_top2000
https://it.com,0,majestic_top2000
https://youku.com,0,majestic_top2000
https://indiatimes.com,0,majestic_top2000
https://marriott.com,0,majestic_top2000
https://deloitte.com,0,majestic_top2000
https://steampowered.com,0,majestic_top2000
https://livejournal.com,0,majestic_top2000
https://nbcnews.com,0,majestic_top2000
https://share.google,0,majestic_top2000
https://dribbble.com,0,majestic_top2000
https://quora.com,0,majestic_top2000
https://indeed.com,0,majestic_top2000
https://healthline.com,0,majestic_top2000
https://openstreetmap.org,0,majestic_top2000
https://kickstarter.com,0,majestic_top2000
https://pexels.com,0,majestic_top2000
https://apnews.com,0,majestic_top2000
https://cisco.com,0,majestic_top2000
https://store.steampowered.com,0,majestic_top2000
https://columbia.edu,0,majestic_top2000
https://oecd.org,0,majestic_top2000
https://huffingtonpost.com,0,majestic_top2000
https://state.gov,0,majestic_top2000
https://change.org,0,majestic_top2000
https://noaa.gov,0,majestic_top2000
https://eu.com,0,majestic_top2000
https://biomedcentral.com,0,majestic_top2000
https://plos.org,0,majestic_top2000
https://ox.ac.uk,0,majestic_top2000
https://fb.com,0,majestic_top2000
https://fandom.com,0,majestic_top2000
https://apa.org,0,majestic_top2000
https://bp.blogspot.com,0,majestic_top2000
https://google.co.uk,0,majestic_top2000
https://umich.edu,0,majestic_top2000
https://intel.com,0,majestic_top2000
https://arcgis.com,0,majestic_top2000
https://theconversation.com,0,majestic_top2000
https://pbs.org,0,majestic_top2000
https://salesforce.com,0,majestic_top2000
https://economist.com,0,majestic_top2000
https://jimdo.com,0,majestic_top2000
https://yale.edu,0,majestic_top2000
https://xing.com,0,majestic_top2000
https://statcounter.com,0,majestic_top2000
https://nvidia.com,0,majestic_top2000
https://huffpost.com,0,majestic_top2000
https://businesswire.com,0,majestic_top2000
https://skype.com,0,majestic_top2000
https://amazon.de,0,majestic_top2000
https://fb.me,0,majestic_top2000
https://or.kr,0,majestic_top2000
https://patreon.com,0,majestic_top2000
https://deviantart.com,0,majestic_top2000
https://sun.com,0,majestic_top2000
https://android.com,0,majestic_top2000
https://firefox.com,0,majestic_top2000
https://psychologytoday.com,0,majestic_top2000
https://usnews.com,0,majestic_top2000
https://us.com,0,majestic_top2000
https://typeform.com,0,majestic_top2000
https://sohu.com,0,majestic_top2000
https://eepurl.com,0,majestic_top2000
https://alibaba.com,0,majestic_top2000
https://bmj.com,0,majestic_top2000
https://googleapis.com,0,majestic_top2000
https://tencent.com,0,majestic_top2000
https://hugedomains.com,0,majestic_top2000
https://odoo.com,0,majestic_top2000
https://upenn.edu,0,majestic_top2000
https://nist.gov,0,majestic_top2000
https://foxnews.com,0,majestic_top2000
https://psu.edu,0,majestic_top2000
https://safety.google,0,majestic_top2000
https://ovhcloud.com,0,majestic_top2000
https://cbc.ca,0,majestic_top2000
https://eff.org,0,majestic_top2000
https://akismet.com,0,majestic_top2000
https://fortune.com,0,majestic_top2000
https://go.id,0,majestic_top2000
https://oreilly.com,0,majestic_top2000
https://nypost.com,0,majestic_top2000
https://pewresearch.org,0,majestic_top2000
https://jstor.org,0,majestic_top2000
https://ftc.gov,0,majestic_top2000
https://uci.edu,0,majestic_top2000
https://postgresql.org,0,majestic_top2000
https://coursera.org,0,majestic_top2000
https://cam.ac.uk,0,majestic_top2000
https://microsoftonline.com,0,majestic_top2000
https://zdnet.com,0,majestic_top2000
https://geocities.com,0,majestic_top2000
https://canada.ca,0,majestic_top2000
https://sciencedaily.com,0,majestic_top2000
https://vice.com,0,majestic_top2000
https://buydomains.com,0,majestic_top2000
https://newyorker.com,0,majestic_top2000
https://wpastra.com,0,majestic_top2000
https://newsweek.com,0,majestic_top2000
https://admin.ch,0,majestic_top2000
https://fb.watch,0,majestic_top2000
https://fao.org,0,majestic_top2000
https://scientificamerican.com,0,majestic_top2000
https://wikihow.com,0,majestic_top2000
https://abc.net.au,0,majestic_top2000
https://elegantthemes.com,0,majestic_top2000
https://gartner.com,0,majestic_top2000
https://umn.edu,0,majestic_top2000
https://about.com,0,majestic_top2000
https://windows.net,0,majestic_top2000
https://gofundme.com,0,majestic_top2000
https://business.site,0,majestic_top2000
https://elsevier.com,0,majestic_top2000
https://typepad.com,0,majestic_top2000
https://enable-javascript.com,0,majestic_top2000
https://zhihu.com,0,majestic_top2000
https://moodle.org,0,majestic_top2000
https://themeisle.com,0,majestic_top2000
https://giphy.com,0,majestic_top2000
https://threads.net,0,majestic_top2000
https://tripod.com,0,majestic_top2000
https://thelancet.com,0,majestic_top2000
https://gob.mx,0,majestic_top2000
https://xinhuanet.com,0,majestic_top2000
https://ucla.edu,0,majestic_top2000
https://dell.com,0,majestic_top2000
https://stackexchange.com,0,majestic_top2000
https://ico.org.uk,0,majestic_top2000
https://merriam-webster.com,0,majestic_top2000
https://mps.gov.cn,0,majestic_top2000
https://fastcompany.com,0,majestic_top2000
https://news.google.com,0,majestic_top2000
https://dw.com,0,majestic_top2000
https://ovh.com,0,majestic_top2000
https://jamanetwork.com,0,majestic_top2000
https://pages.dev,0,majestic_top2000
https://nps.gov,0,majestic_top2000
https://getbootstrap.com,0,majestic_top2000
https://irs.gov,0,majestic_top2000
https://wiktionary.org,0,majestic_top2000
https://wisc.edu,0,majestic_top2000
https://slack.com,0,majestic_top2000
https://acs.org,0,majestic_top2000
https://uchicago.edu,0,majestic_top2000
https://jigsaw.w3.org,0,majestic_top2000
https://in.net,0,majestic_top2000
https://cmu.edu,0,majestic_top2000
https://bund.de,0,majestic_top2000
https://letsencrypt.org,0,majestic_top2000
https://pnas.org,0,majestic_top2000
https://mashable.com,0,majestic_top2000
https://hilton.com,0,majestic_top2000
https://zoom.com,0,majestic_top2000
https://sciencemag.org,0,majestic_top2000
https://acm.org,0,majestic_top2000
https://globenewswire.com,0,majestic_top2000
https://aliexpress.com,0,majestic_top2000
https://arstechnica.com,0,majestic_top2000
https://in.ua,0,majestic_top2000
https://jhu.edu,0,majestic_top2000
https://azurewebsites.net,0,majestic_top2000
https://wa.link,0,majestic_top2000
https://aboutcookies.org,0,majestic_top2000
https://intuit.com,0,majestic_top2000
https://buzzfeed.com,0,majestic_top2000
https://mitre.org,0,majestic_top2000
https://elpais.com,0,majestic_top2000
https://telegra.ph,0,majestic_top2000
https://si.edu,0,majestic_top2000
https://m.me,0,majestic_top2000
https://science.org,0,majestic_top2000
https://gizmodo.com,0,majestic_top2000
https://utexas.edu,0,majestic_top2000
https://kernel.org,0,majestic_top2000
https://lnkd.in,0,majestic_top2000
https://jd.com,0,majestic_top2000
https://w3schools.com,0,majestic_top2000
https://techtarget.com,0,majestic_top2000
https://meetup.com,0,majestic_top2000
https://ikea.com,0,majestic_top2000
https://rfc-editor.org,0,majestic_top2000
https://ed.gov,0,majestic_top2000
https://walmart.com,0,majestic_top2000
https://doubleclick.net,0,majestic_top2000
https://git-scm.com,0,majestic_top2000
https://naver.com,0,majestic_top2000
https://bls.gov,0,majestic_top2000
https://people.com.cn,0,majestic_top2000
https://unicef.org,0,majestic_top2000
https://openssl.org,0,majestic_top2000
https://vox.com,0,majestic_top2000
https://matterport.com,0,majestic_top2000
https://ssrn.com,0,majestic_top2000
https://lin.ee,0,majestic_top2000
https://disqus.com,0,majestic_top2000
https://engadget.com,0,majestic_top2000
https://uiuc.edu,0,majestic_top2000
https://jquery.com,0,majestic_top2000
https://automattic.com,0,majestic_top2000
https://bbb.org,0,majestic_top2000
https://orcid.org,0,majestic_top2000
https://pan.baidu.com,0,majestic_top2000
https://house.gov,0,majestic_top2000
https://go.kr,0,majestic_top2000
https://usgs.gov,0,majestic_top2000
https://marketwatch.com,0,majestic_top2000
https://iana.org,0,majestic_top2000
https://airbnb.com,0,majestic_top2000
https://itu.int,0,majestic_top2000
https://hhs.gov,0,majestic_top2000
https://pwc.com,0,majestic_top2000
https://qc.ca,0,majestic_top2000
https://atlassian.com,0,majestic_top2000
https://clevelandclinic.org,0,majestic_top2000
https://aljazeera.com,0,majestic_top2000
https://medicalnewstoday.com,0,majestic_top2000
https://teamviewer.com,0,majestic_top2000
https://justice.gov,0,majestic_top2000
https://lemonde.fr,0,majestic_top2000
https://www.nhs.uk,0,majestic_top2000
https://box.com,0,majestic_top2000
https://vercel.app,0,majestic_top2000
https://guardian.co.uk,0,majestic_top2000
https://inc.com,0,majestic_top2000
https://spiegel.de,0,majestic_top2000
https://apachefriends.org,0,majestic_top2000
https://fedoraproject.org,0,majestic_top2000
https://digg.com,0,majestic_top2000
https://google.fr,0,majestic_top2000
https://freebsd.org,0,majestic_top2000
https://telegram.org,0,majestic_top2000
https://govt.nz,0,majestic_top2000
https://service.gov.uk,0,majestic_top2000
https://euronews.com,0,majestic_top2000
https://netlify.app,0,majestic_top2000
https://census.gov,0,majestic_top2000
https://snapchat.com,0,majestic_top2000
https://entrepreneur.com,0,majestic_top2000
https://laravel.com,0,majestic_top2000
https://netscape.com,0,majestic_top2000
https://ok.ru,0,majestic_top2000
https://shorturl.at,0,majestic_top2000
https://generatepress.com,0,majestic_top2000
https://siemens.com,0,majestic_top2000
https://trello.com,0,majestic_top2000
https://amazon.co.jp,0,majestic_top2000
https://withgoogle.com,0,majestic_top2000
https://yahoo.co.jp,0,majestic_top2000
https://constantcontact.com,0,majestic_top2000
https://nyu.edu,0,majestic_top2000
https://zend.com,0,majestic_top2000
https://photobucket.com,0,majestic_top2000
https://variety.com,0,majestic_top2000
https://senate.gov,0,majestic_top2000
https://blog.google,0,majestic_top2000
https://energy.gov,0,majestic_top2000
https://google.es,0,majestic_top2000
https://ucsd.edu,0,majestic_top2000
https://www.gov.cn,0,majestic_top2000
https://barnesandnoble.com,0,majestic_top2000
https://feedburner.com,0,majestic_top2000
https://sec.gov,0,majestic_top2000
https://udemy.com,0,majestic_top2000
https://shutterstock.com,0,majestic_top2000
https://opensource.org,0,majestic_top2000
https://qz.com,0,majestic_top2000
https://purdue.edu,0,majestic_top2000
https://pcmag.com,0,majestic_top2000
https://getpocket.com,0,majestic_top2000
https://gob.es,0,majestic_top2000
https://slate.com,0,majestic_top2000
https://google.co.jp,0,majestic_top2000
https://gallup.com,0,majestic_top2000
https://hatena.ne.jp,0,majestic_top2000
https://google.ca,0,majestic_top2000
https://jimdofree.com,0,majestic_top2000
https://nejm.org,0,majestic_top2000
https://politico.com,0,majestic_top2000
https://congress.gov,0,majestic_top2000
https://visualstudio.com,0,majestic_top2000
https://kde.org,0,majestic_top2000
https://ufl.edu,0,majestic_top2000
https://rollingstone.com,0,majestic_top2000
https://rakuten.co.jp,0,majestic_top2000
https://web.dev,0,majestic_top2000
https://mixcloud.com,0,majestic_top2000
https://techradar.com,0,majestic_top2000
https://wikia.com,0,majestic_top2000
https://indiegogo.com,0,majestic_top2000
https://notion.site,0,majestic_top2000
https://kiev.ua,0,majestic_top2000
https://nodejs.org,0,majestic_top2000
https://drupal.org,0,majestic_top2000
https://lww.com,0,majestic_top2000
https://imf.org,0,majestic_top2000
https://fliphtml5.com,0,majestic_top2000
https://co.com,0,majestic_top2000
https://so.com,0,majestic_top2000
https://vmware.com,0,majestic_top2000
https://duke.edu,0,majestic_top2000
https://earthlink.net,0,majestic_top2000
https://thesun.co.uk,0,majestic_top2000
https://semrush.com,0,majestic_top2000
https://howstuffworks.com,0,majestic_top2000
https://cctv.com,0,majestic_top2000
https://perl.org,0,majestic_top2000
https://usc.edu,0,majestic_top2000
https://duckduckgo.com,0,majestic_top2000
https://technologyreview.com,0,majestic_top2000
https://hostinger.com,0,majestic_top2000
https://on.ca,0,majestic_top2000
https://zoho.com,0,majestic_top2000
https://bigcartel.com,0,majestic_top2000
https://ccc.de,0,majestic_top2000
https://addthis.com,0,majestic_top2000
https://scmp.com,0,majestic_top2000
https://cve.org,0,majestic_top2000
https://livescience.com,0,majestic_top2000
https://appspot.com,0,majestic_top2000
https://gob.ar,0,majestic_top2000
https://google.it,0,majestic_top2000
https://slashdot.org,0,majestic_top2000
https://sfgate.com,0,majestic_top2000
https://umd.edu,0,majestic_top2000
https://timeanddate.com,0,majestic_top2000
https://mirror.co.uk,0,majestic_top2000
https://npmjs.com,0,majestic_top2000
https://feeds.feedburner.com,0,majestic_top2000
https://iubenda.com,0,majestic_top2000
https://mediafire.com,0,majestic_top2000
https://cutt.ly,0,majestic_top2000
https://qualtrics.com,0,majestic_top2000
https://espn.com,0,majestic_top2000
https://thetimes.co.uk,0,majestic_top2000
https://amd.com,0,majestic_top2000
https://woocommerce.com,0,majestic_top2000
https://stumbleupon.com,0,majestic_top2000
https://domainmarket.com,0,majestic_top2000
https://altervista.org,0,majestic_top2000
https://unc.edu,0,majestic_top2000
https://ny.gov,0,majestic_top2000
https://newscientist.com,0,majestic_top2000
https://parallels.com,0,majestic_top2000
https://go.th,0,majestic_top2000
https://smh.com.au,0,majestic_top2000
https://chinadaily.com.cn,0,majestic_top2000
https://privacyshield.gov,0,majestic_top2000
https://ey.com,0,majestic_top2000
https://fc2.com,0,majestic_top2000
https://sky.com,0,majestic_top2000
https://moodle.com,0,majestic_top2000
https://bitnami.com,0,majestic_top2000
https://mail.ru,0,majestic_top2000
https://webs.com,0,majestic_top2000
https://gv.at,0,majestic_top2000
https://utoronto.ca,0,majestic_top2000
https://icann.org,0,majestic_top2000
https://ucdavis.edu,0,majestic_top2000
https://ucl.ac.uk,0,majestic_top2000
https://economictimes.indiatimes.com,0,majestic_top2000
https://steamcommunity.com,0,majestic_top2000
https://sap.com,0,majestic_top2000
https://vic.gov.au,0,majestic_top2000
https://autodesk.com,0,majestic_top2000
https://strato.de,0,majestic_top2000
https://illinois.edu,0,majestic_top2000
https://coe.int,0,majestic_top2000
https://ifeng.com,0,majestic_top2000
https://msu.edu,0,majestic_top2000
https://hollywoodreporter.com,0,majestic_top2000
https://ru.com,0,majestic_top2000
https://history.com,0,majestic_top2000
https://gutenberg.org,0,majestic_top2000
https://nike.com,0,majestic_top2000
https://chicagotribune.com,0,majestic_top2000
https://translate.goog,0,majestic_top2000
https://digitalocean.com,0,majestic_top2000
https://venturebeat.com,0,majestic_top2000
https://cell.com,0,majestic_top2000
https://asu.edu,0,majestic_top2000
https://nikkei.com,0,majestic_top2000
https://proofpoint.com,0,majestic_top2000
https://bizjournals.com,0,majestic_top2000
https://lenovo.com,0,majestic_top2000
https://smithsonianmag.com,0,majestic_top2000
https://undp.org,0,majestic_top2000
https://threads.com,0,majestic_top2000
https://evernote.com,0,majestic_top2000
https://semanticscholar.org,0,majestic_top2000
https://about.me,0,majestic_top2000
https://moz.com,0,majestic_top2000
https://sakura.ne.jp,0,majestic_top2000
https://thehill.com,0,majestic_top2000
https://northwestern.edu,0,majestic_top2000
https://archives.gov,0,majestic_top2000
https://theglobeandmail.com,0,majestic_top2000
https://instructables.com,0,majestic_top2000
https://playstation.com,0,majestic_top2000
https://business.facebook.com,0,majestic_top2000
https://ilo.org,0,majestic_top2000
https://envato.com,0,majestic_top2000
https://ign.com,0,majestic_top2000
https://rt.com,0,majestic_top2000
https://sch.id,0,majestic_top2000
https://anchor.fm,0,majestic_top2000
https://wpengine.com,0,majestic_top2000
https://olympics.com,0,majestic_top2000
https://ionos.de,0,majestic_top2000
https://heylink.me,0,majestic_top2000
https://phys.org,0,majestic_top2000
https://binance.com,0,majestic_top2000
https://ubc.ca,0,majestic_top2000
https://medlineplus.gov,0,majestic_top2000
https://axios.com,0,majestic_top2000
https://faqs.org,0,majestic_top2000
https://matomo.org,0,majestic_top2000
https://iop.org,0,majestic_top2000
https://ameblo.jp,0,majestic_top2000
https://dmoz.org,0,majestic_top2000
https://angelfire.com,0,majestic_top2000
https://fcc.gov,0,majestic_top2000
https://podbean.com,0,majestic_top2000
https://people.com,0,majestic_top2000
https://caniuse.com,0,majestic_top2000
https://webflow.io,0,majestic_top2000
https://urldefense.com,0,majestic_top2000
https://garmin.com,0,majestic_top2000
https://tmall.com,0,majestic_top2000
https://spb.ru,0,majestic_top2000
https://colorado.edu,0,majestic_top2000
https://amazon.fr,0,majestic_top2000
https://arizona.edu,0,majestic_top2000
https://cpan.org,0,majestic_top2000
https://curl.se,0,majestic_top2000
https://ethz.ch,0,majestic_top2000
https://fbi.gov,0,majestic_top2000
https://calameo.com,0,majestic_top2000
https://gotowebinar.com,0,majestic_top2000
https://weather.com,0,majestic_top2000
https://miitbeian.gov.cn,0,majestic_top2000
https://douyin.com,0,majestic_top2000
https://or.id,0,majestic_top2000
https://khanacademy.org,0,majestic_top2000
https://java.com,0,majestic_top2000
https://dhs.gov,0,majestic_top2000
https://fiverr.com,0,majestic_top2000
https://bc.ca,0,majestic_top2000
https://imagemagick.org,0,majestic_top2000
https://heart.org,0,majestic_top2000
https://accenture.com,0,majestic_top2000
https://virginia.edu,0,majestic_top2000
https://openldap.org,0,majestic_top2000
https://uol.com.br,0,majestic_top2000
https://uber.com,0,majestic_top2000
https://ohchr.org,0,majestic_top2000
https://mozilla.com,0,majestic_top2000
https://1drv.ms,0,majestic_top2000
https://treasury.gov,0,majestic_top2000
https://haxx.se,0,majestic_top2000
https://kaspersky.com,0,majestic_top2000
https://dynadot.com,0,majestic_top2000
https://githubusercontent.com,0,majestic_top2000
https://express.co.uk,0,majestic_top2000
https://google.nl,0,majestic_top2000
https://joomla.org,0,majestic_top2000
https://asus.com,0,majestic_top2000
https://huggingface.co,0,majestic_top2000
https://laracasts.com,0,majestic_top2000
https://envato.market,0,majestic_top2000
https://youronlinechoices.eu,0,majestic_top2000
https://brookings.edu,0,majestic_top2000
https://google.cn,0,majestic_top2000
https://va.gov,0,majestic_top2000
https://cygwin.com,0,majestic_top2000
https://ihg.com,0,majestic_top2000
https://mystrikingly.com,0,majestic_top2000
https://cancer.gov,0,majestic_top2000
https://qcloud.com,0,majestic_top2000
https://cancer.org,0,majestic_top2000
https://dot.gov,0,majestic_top2000
https://square.site,0,majestic_top2000
https://ycombinator.com,0,majestic_top2000
https://fontawesome.com,0,majestic_top2000
https://rutgers.edu,0,majestic_top2000
https://webex.com,0,majestic_top2000
https://paypal.me,0,majestic_top2000
https://france24.com,0,majestic_top2000
https://blogger.googleusercontent.com,0,majestic_top2000
https://uspto.gov,0,majestic_top2000
https://usa.gov,0,majestic_top2000
https://csdn.net,0,majestic_top2000
https://cdn.shopify.com,0,majestic_top2000
https://globo.com,0,majestic_top2000
https://verisign.com,0,majestic_top2000
https://amazon.ca,0,majestic_top2000
https://lefigaro.fr,0,majestic_top2000
https://notion.so,0,majestic_top2000
https://itch.io,0,majestic_top2000
https://iea.org,0,majestic_top2000
https://usembassy.gov,0,majestic_top2000
https://fbcdn.net,0,majestic_top2000
https://novell.com,0,majestic_top2000
https://bitbucket.org,0,majestic_top2000
https://trustindex.io,0,majestic_top2000
https://ahrefs.com,0,majestic_top2000
https://centos.org,0,majestic_top2000
https://gmail.com,0,majestic_top2000
https://wipo.int,0,majestic_top2000
https://imageshack.us,0,majestic_top2000
https://flic.kr,0,majestic_top2000
https://bu.edu,0,majestic_top2000
https://nsw.gov.au,0,majestic_top2000
https://tamu.edu,0,majestic_top2000
https://mastodon.social,0,majestic_top2000
https://nymag.com,0,majestic_top2000
https://wa.gov,0,majestic_top2000
https://target.com,0,majestic_top2000
https://nasdaq.com,0,majestic_top2000
https://heise.de,0,majestic_top2000
https://accor.com,0,majestic_top2000
https://fifa.com,0,majestic_top2000
https://osu.edu,0,majestic_top2000
https://mi.com,0,majestic_top2000
https://crunchbase.com,0,majestic_top2000
https://nobelprize.org,0,majestic_top2000
https://army.mil,0,majestic_top2000
https://utah.edu,0,majestic_top2000
https://ed.ac.uk,0,majestic_top2000
https://news.cn,0,majestic_top2000
https://deezer.com,0,majestic_top2000
https://greenpeace.org,0,majestic_top2000
https://meta.com,0,majestic_top2000
https://hootsuite.com,0,majestic_top2000
https://broadcom.com,0,majestic_top2000
https://digitaltrends.com,0,majestic_top2000
https://lifehacker.com,0,majestic_top2000
https://vkontakte.ru,0,majestic_top2000
https://digital.com,0,majestic_top2000
https://libsyn.com,0,majestic_top2000
https://dol.gov,0,majestic_top2000
https://texas.gov,0,majestic_top2000
https://unep.org,0,majestic_top2000
https://speedtest.net,0,majestic_top2000
https://kpmg.com,0,majestic_top2000
https://ea.com,0,majestic_top2000
https://ning.com,0,majestic_top2000
https://prezi.com,0,majestic_top2000
https://wireshark.org,0,majestic_top2000
https://blogspot.co.uk,0,majestic_top2000
https://hopkinsmedicine.org,0,majestic_top2000
https://mpg.de,0,majestic_top2000
https://americanexpress.com,0,majestic_top2000
https://ipcc.ch,0,majestic_top2000
https://tableau.com,0,majestic_top2000
https://metro.co.uk,0,majestic_top2000
https://hyatt.com,0,majestic_top2000
https://consumerreports.org,0,majestic_top2000
https://lego.com,0,majestic_top2000
https://last.fm,0,majestic_top2000
https://esa.int,0,majestic_top2000
https://cnil.fr,0,majestic_top2000
https://domaintools.com,0,majestic_top2000
https://news.com.au,0,majestic_top2000
https://vogue.com,0,majestic_top2000
https://today.com,0,majestic_top2000
https://cloud.microsoft,0,majestic_top2000
https://ibb.co,0,majestic_top2000
https://ec-lyon.fr,0,majestic_top2000
https://chron.com,0,majestic_top2000
https://mastercard.com,0,majestic_top2000
https://redis.io,0,majestic_top2000
https://1688.com,0,majestic_top2000
https://zillow.com,0,majestic_top2000
https://att.com,0,majestic_top2000
https://com.com,0,majestic_top2000
https://cn.com,0,majestic_top2000
https://is.gd,0,majestic_top2000
https://nydailynews.com,0,majestic_top2000
https://aliyuncs.com,0,majestic_top2000
https://gumroad.com,0,majestic_top2000
https://hrw.org,0,majestic_top2000
https://wikibooks.org,0,majestic_top2000
https://nba.com,0,majestic_top2000
https://yumpu.com,0,majestic_top2000
https://lua.org,0,majestic_top2000
https://freedesktop.org,0,majestic_top2000
https://nhk.or.jp,0,majestic_top2000
https://iheart.com,0,majestic_top2000
https://navy.mil,0,majestic_top2000
https://fool.com,0,majestic_top2000
https://gimp.org,0,majestic_top2000
https://de.com,0,majestic_top2000
https://xbox.com,0,majestic_top2000
https://nyc.gov,0,majestic_top2000
https://medscape.com,0,majestic_top2000
https://wikisource.org,0,majestic_top2000
https://jetbrains.com,0,majestic_top2000
https://upwork.com,0,majestic_top2000
https://ucsb.edu,0,majestic_top2000
https://douban.com,0,majestic_top2000
https://mediawiki.org,0,majestic_top2000
https://ncsu.edu,0,majestic_top2000
https://thedailybeast.com,0,majestic_top2000
https://nokia.com,0,majestic_top2000
https://mlb.com,0,majestic_top2000
https://b.hatena.ne.jp,0,majestic_top2000
https://eventbrite.co.uk,0,majestic_top2000
https://lonelyplanet.com,0,majestic_top2000
https://istockphoto.com,0,majestic_top2000
https://isc.org,0,majestic_top2000
https://theregister.com,0,majestic_top2000
https://nic.in,0,majestic_top2000
https://vatican.va,0,majestic_top2000
https://boston.com,0,majestic_top2000
https://dreamhost.com,0,majestic_top2000
https://dataprivacyframework.gov,0,majestic_top2000
https://pitt.edu,0,majestic_top2000
https://500px.com,0,majestic_top2000
https://ndtv.com,0,majestic_top2000
https://termsfeed.com,0,majestic_top2000
https://salon.com,0,majestic_top2000
https://sketchfab.com,0,majestic_top2000
https://nintendo.com,0,majestic_top2000
https://sa.com,0,majestic_top2000
https://twimg.com,0,majestic_top2000
https://pastebin.com,0,majestic_top2000
https://urbandictionary.com,0,majestic_top2000
https://gamespot.com,0,majestic_top2000
https://e-recht24.de,0,majestic_top2000
https://pypi.org,0,majestic_top2000
https://hindustantimes.com,0,majestic_top2000
https://dictionary.com,0,majestic_top2000
https://google.ru,0,majestic_top2000
https://indiana.edu,0,majestic_top2000
https://securityfocus.com,0,majestic_top2000
https://search.yahoo.com,0,majestic_top2000
https://welt.de,0,majestic_top2000
https://georgetown.edu,0,majestic_top2000
https://man7.org,0,majestic_top2000
https://feedly.com,0,majestic_top2000
https://caltech.edu,0,majestic_top2000
https://padlet.com,0,majestic_top2000
https://perl.com,0,majestic_top2000
https://ourworldindata.org,0,majestic_top2000
https://themegrill.com,0,majestic_top2000
https://panasonic.com,0,majestic_top2000
https://hetzner.com,0,majestic_top2000
https://thefreedictionary.com,0,majestic_top2000
https://billboard.com,0,majestic_top2000
https://figma.com,0,majestic_top2000
https://cia.gov,0,majestic_top2000
https://google.co.in,0,majestic_top2000
https://podcasts.google.com,0,majestic_top2000
https://legifrance.gouv.fr,0,majestic_top2000
https://narod.ru,0,majestic_top2000
https://uk.net,0,majestic_top2000
https://houzz.com,0,majestic_top2000
https://canva.site,0,majestic_top2000
https://colorlib.com,0,majestic_top2000
https://amnesty.org,0,majestic_top2000
https://yp.to,0,majestic_top2000
https://prestashop.com,0,majestic_top2000
https://atlassian.net,0,majestic_top2000
https://trendmicro.com,0,majestic_top2000
https://sfu.ca,0,majestic_top2000
https://alipay.com,0,majestic_top2000
https://pcworld.com,0,majestic_top2000
https://wustl.edu,0,majestic_top2000
https://bell-labs.com,0,majestic_top2000
https://ebay.co.uk,0,majestic_top2000
https://fedex.com,0,majestic_top2000
https://flaticon.com,0,majestic_top2000
https://federalregister.gov,0,majestic_top2000
https://aarp.org,0,majestic_top2000
https://mega.nz,0,majestic_top2000
https://usps.com,0,majestic_top2000
https://us.org,0,majestic_top2000
https://bitly.com,0,majestic_top2000
https://osha.gov,0,majestic_top2000
https://lg.com,0,majestic_top2000
https://mariadb.org,0,majestic_top2000
https://voanews.com,0,majestic_top2000
https://vanityfair.com,0,majestic_top2000
https://zimbra.com,0,majestic_top2000
https://tesla.com,0,majestic_top2000
https://politico.eu,0,majestic_top2000
https://foursquare.com,0,majestic_top2000
https://investing.com,0,majestic_top2000
https://gitbook.io,0,majestic_top2000
https://mcgill.ca,0,majestic_top2000
https://over-blog.com,0,majestic_top2000
https://eurekalert.org,0,majestic_top2000
https://xkcd.com,0,majestic_top2000
https://justia.com,0,majestic_top2000
https://clinicaltrials.gov,0,majestic_top2000
https://unfccc.int,0,majestic_top2000
https://weather.gov,0,majestic_top2000
https://news.ycombinator.com,0,majestic_top2000
https://gob.pe,0,majestic_top2000
https://zapier.com,0,majestic_top2000
https://ups.com,0,majestic_top2000
https://b-cdn.net,0,majestic_top2000
https://aka.ms,0,majestic_top2000
https://deadline.com,0,majestic_top2000
https://rsc.org,0,majestic_top2000
https://www.gov.br,0,majestic_top2000
https://hbs.edu,0,majestic_top2000
https://ispconfig.org,0,majestic_top2000
https://metmuseum.org,0,majestic_top2000
https://space.com,0,majestic_top2000
https://amazon-adsystem.com,0,majestic_top2000
https://tradingview.com,0,majestic_top2000
https://sony.com,0,majestic_top2000
https://lse.ac.uk,0,majestic_top2000
https://edx.org,0,majestic_top2000
https://ja.wikipedia.org,0,majestic_top2000
https://glassdoor.com,0,majestic_top2000
https://apachelounge.com,0,majestic_top2000
https://tufts.edu,0,majestic_top2000
https://timeout.com,0,majestic_top2000
https://foodnetwork.com,0,majestic_top2000
https://rutube.ru,0,majestic_top2000
https://toutiao.com,0,majestic_top2000
https://brown.edu,0,majestic_top2000
https://hawaii.edu,0,majestic_top2000
https://routledge.com,0,majestic_top2000
https://bluehost.com,0,majestic_top2000
https://linklist.bio,0,majestic_top2000
https://bostonglobe.com,0,majestic_top2000
https://videolan.org,0,majestic_top2000
https://discogs.com,0,majestic_top2000
https://unl.edu,0,majestic_top2000
https://zeit.de,0,majestic_top2000
https://symantec.com,0,majestic_top2000
https://asso.fr,0,majestic_top2000
https://squid-cache.org,0,majestic_top2000
https://iqiyi.com,0,majestic_top2000
https://ntp.org,0,majestic_top2000
https://sba.gov,0,majestic_top2000
https://answers.com,0,majestic_top2000
https://google.com.au,0,majestic_top2000
https://wunderground.com,0,majestic_top2000
https://gatech.edu,0,majestic_top2000
https://in.pinterest.com,0,majestic_top2000
https://jpost.com,0,majestic_top2000
https://vt.edu,0,majestic_top2000
https://indianexpress.com,0,majestic_top2000
https://cwi.nl,0,majestic_top2000
https://verizon.com,0,majestic_top2000
https://jimdosite.com,0,majestic_top2000
https://yandex.com,0,majestic_top2000
https://ssa.gov,0,majestic_top2000
https://sueddeutsche.de,0,majestic_top2000
https://waze.com,0,majestic_top2000
https://zlib.net,0,majestic_top2000
https://thestar.com,0,majestic_top2000
https://epicgames.com,0,majestic_top2000
https://irishtimes.com,0,majestic_top2000
https://sophos.com,0,majestic_top2000
https://site.com,0,majestic_top2000
https://hotjar.com,0,majestic_top2000
https://accuweather.com,0,majestic_top2000
https://mapquest.com,0,majestic_top2000
https://computerworld.com,0,majestic_top2000
https://legislation.gov.uk,0,majestic_top2000
https://eu.org,0,majestic_top2000
https://verywellmind.com,0,majestic_top2000
https://purl.org,0,majestic_top2000
https://rs6.net,0,majestic_top2000
https://craigslist.org,0,majestic_top2000
https://dzen.ru,0,majestic_top2000
https://searchengineland.com,0,majestic_top2000
https://seattletimes.com,0,majestic_top2000
https://worldcat.org,0,majestic_top2000
https://miibeian.gov.cn,0,majestic_top2000
https://squareup.com,0,majestic_top2000
https://redbull.com,0,majestic_top2000
https://wufoo.com,0,majestic_top2000
https://findlaw.com,0,majestic_top2000
https://standard.co.uk,0,majestic_top2000
https://boutell.com,0,majestic_top2000
https://doxygen.org,0,majestic_top2000
https://gettyimages.com,0,majestic_top2000
https://dhl.com,0,majestic_top2000
https://disney.com,0,majestic_top2000
https://thehindu.com,0,majestic_top2000
https://grammarly.com,0,majestic_top2000
https://jp.net,0,majestic_top2000
https://grandviewresearch.com,0,majestic_top2000
https://cbslocal.com,0,majestic_top2000
https://spglobal.com,0,majestic_top2000
https://snopes.com,0,majestic_top2000
https://thawte.com,0,majestic_top2000
https://complianz.io,0,majestic_top2000
https://abcnews.com,0,majestic_top2000
https://thoughtco.com,0,majestic_top2000
https://federalreserve.gov,0,majestic_top2000
https://repubblica.it,0,majestic_top2000
https://rottentomatoes.com,0,majestic_top2000
https://360.cn,0,majestic_top2000
https://chrome.com,0,majestic_top2000
https://wampserver.com,0,majestic_top2000
https://phpbb.com,0,majestic_top2000
https://fema.gov,0,majestic_top2000
https://smugmug.com,0,majestic_top2000
https://codepen.io,0,majestic_top2000
https://discovery.com,0,majestic_top2000
https://globalnews.ca,0,majestic_top2000
https://rochester.edu,0,majestic_top2000
https://faz.net,0,majestic_top2000
https://homedepot.com,0,majestic_top2000
https://logitech.com,0,majestic_top2000
https://tomshardware.com,0,majestic_top2000
https://asana.com,0,majestic_top2000
https://timesofisrael.com,0,majestic_top2000
https://libpng.org,0,majestic_top2000
https://cuny.edu,0,majestic_top2000
https://asahi.com,0,majestic_top2000
https://britishcouncil.org,0,majestic_top2000
https://ghost.org,0,majestic_top2000
https://penguinrandomhouse.com,0,majestic_top2000
https://japantimes.co.jp,0,majestic_top2000
https://unhcr.org,0,majestic_top2000
https://thomsonreuters.com,0,majestic_top2000
https://airtable.com,0,majestic_top2000
https://force.com,0,majestic_top2000
https://mhlw.go.jp,0,majestic_top2000
https://buzzsprout.com,0,majestic_top2000
https://gesetze-im-internet.de,0,majestic_top2000
https://duolingo.com,0,majestic_top2000
https://wetransfer.com,0,majestic_top2000
https://brandbucket.com,0,majestic_top2000
https://owasp.org,0,majestic_top2000
https://philips.com,0,majestic_top2000
https://redcross.org,0,majestic_top2000
https://uga.edu,0,majestic_top2000
https://my.id,0,majestic_top2000
https://msdn.com,0,majestic_top2000
https://unam.mx,0,majestic_top2000
https://umass.edu,0,majestic_top2000
https://onelink.me,0,majestic_top2000
https://msnbc.com,0,majestic_top2000
https://ko-fi.com,0,majestic_top2000
https://handle.net,0,majestic_top2000
https://i2.wp.com,0,majestic_top2000
https://memcached.org,0,majestic_top2000
https://prweb.com,0,majestic_top2000
https://hpe.com,0,majestic_top2000
https://virtualmin.com,0,majestic_top2000
https://theregister.co.uk,0,majestic_top2000
https://lh3.googleusercontent.com,0,majestic_top2000
https://ctvnews.ca,0,majestic_top2000
https://cisa.gov,0,majestic_top2000
https://lnk.to,0,majestic_top2000
https://wp.me,0,majestic_top2000
https://amazon.in,0,majestic_top2000
https://js.org,0,majestic_top2000
https://ustream.tv,0,majestic_top2000
https://foxbusiness.com,0,majestic_top2000
https://neilpatel.com,0,majestic_top2000
https://howtogeek.com,0,majestic_top2000
https://pcre.org,0,majestic_top2000
https://icio.us,0,majestic_top2000
https://biblegateway.com,0,majestic_top2000
https://strava.com,0,majestic_top2000
https://elmundo.es,0,majestic_top2000
https://bestbuy.com,0,majestic_top2000
https://defense.gov,0,majestic_top2000
https://proquest.com,0,majestic_top2000
https://ow.ly,0,majestic_top2000
https://openoffice.org,0,majestic_top2000
https://herokuapp.com,0,majestic_top2000
https://adweek.com,0,majestic_top2000
https://arduino.cc,0,majestic_top2000
https://thenextweb.com,0,majestic_top2000
https://fraunhofer.de,0,majestic_top2000
https://gzip.org,0,majestic_top2000
https://iso.ch,0,majestic_top2000
https://wikidot.com,0,majestic_top2000
https://searchenginejournal.com,0,majestic_top2000
https://nber.org,0,majestic_top2000
https://siemens.de,0,majestic_top2000
https://google.com.br,0,majestic_top2000
https://iastate.edu,0,majestic_top2000
https://oregonstate.edu,0,majestic_top2000
https://or.th,0,majestic_top2000
https://foreignpolicy.com,0,majestic_top2000
https://spec.org,0,majestic_top2000
https://cern.ch,0,majestic_top2000
https://readthedocs.org,0,majestic_top2000
https://xinnet.com,0,majestic_top2000
https://oxfordjournals.org,0,majestic_top2000
https://pin.it,0,majestic_top2000
https://uwaterloo.ca,0,majestic_top2000
https://amazon.es,0,majestic_top2000
https://dev.to,0,majestic_top2000
https://xmlsoft.org,0,majestic_top2000
https://gnome.org,0,majestic_top2000
https://hsforms.com,0,majestic_top2000
https://hardened-php.net,0,majestic_top2000
https://gstatic.com,0,majestic_top2000
https://reverbnation.com,0,majestic_top2000
https://freetype.org,0,majestic_top2000
https://ahajournals.org,0,majestic_top2000
https://archlinux.org,0,majestic_top2000
https://coindesk.com,0,majestic_top2000
https://af.mil,0,majestic_top2000
https://businessweek.com,0,majestic_top2000
https://raspberrypi.org,0,majestic_top2000
https://heyzine.com,0,majestic_top2000
https://klarna.com,0,majestic_top2000
https://coinmarketcap.com,0,majestic_top2000
https://filezilla-project.org,0,majestic_top2000
https://blog.naver.com,0,majestic_top2000
https://eia.gov,0,majestic_top2000
https://enlightenment.org,0,majestic_top2000
https://ampproject.org,0,majestic_top2000
https://uiowa.edu,0,majestic_top2000
https://onlamp.com,0,majestic_top2000
https://one.com,0,majestic_top2000
https://gwu.edu,0,majestic_top2000
https://zenodo.org,0,majestic_top2000
https://bcg.com,0,majestic_top2000
https://anthropic.com,0,majestic_top2000
https://qld.gov.au,0,majestic_top2000
https://unity.com,0,majestic_top2000
https://verywellhealth.com,0,majestic_top2000
https://modsecurity.org,0,majestic_top2000
https://a.co,0,majestic_top2000
https://buffer.com,0,majestic_top2000
https://ap.org,0,majestic_top2000
https://webdav.org,0,majestic_top2000
https://uscourts.gov,0,majestic_top2000
https://fastcgi.com,0,majestic_top2000
https://faa.gov,0,majestic_top2000
https://t-online.de,0,majestic_top2000
https://go.dev,0,majestic_top2000
https://tutsplus.com,0,majestic_top2000
https://page.link,0,majestic_top2000
https://biglobe.ne.jp,0,majestic_top2000
https://t.ly,0,majestic_top2000
https://livestream.com,0,majestic_top2000
https://mac.com,0,majestic_top2000
https://elle.com,0,majestic_top2000
https://esquire.com,0,majestic_top2000
https://popsci.com,0,majestic_top2000
https://chromium.org,0,majestic_top2000
https://sitemaps.org,0,majestic_top2000
https://sqlite.org,0,majestic_top2000
https://miamiherald.com,0,majestic_top2000
https://atlasobscura.com,0,majestic_top2000
https://ama-assn.org,0,majestic_top2000
https://blogspot.de,0,majestic_top2000
https://gitee.com,0,majestic_top2000
https://popularmechanics.com,0,majestic_top2000
https://counterpane.com,0,majestic_top2000
https://directadmin.com,0,majestic_top2000
https://nsf.gov,0,majestic_top2000
https://imageshack.com,0,majestic_top2000
https://cosmopolitan.com,0,majestic_top2000
https://pinimg.com,0,majestic_top2000
https://china.com.cn,0,majestic_top2000
https://akamaihd.net,0,majestic_top2000
https://virustotal.com,0,majestic_top2000
https://corriere.it,0,majestic_top2000
https://flipsnack.com,0,majestic_top2000
https://sleepycat.com,0,majestic_top2000
https://eclipse.org,0,majestic_top2000
https://laravel-news.com,0,majestic_top2000
https://bild.de,0,majestic_top2000
https://rsasecurity.com,0,majestic_top2000
https://in.th,0,majestic_top2000
https://udel.edu,0,majestic_top2000
https://worldometers.info,0,majestic_top2000
https://yolasite.com,0,majestic_top2000
https://unicode.org,0,majestic_top2000
https://hubpages.com,0,majestic_top2000
https://jst.go.jp,0,majestic_top2000
https://mn.us,0,majestic_top2000
https://ijg.org,0,majestic_top2000
https://google.com.hk,0,majestic_top2000
https://anu.edu.au,0,majestic_top2000
https://cnrs.fr,0,majestic_top2000
https://bankrate.com,0,majestic_top2000
https://nielsen.com,0,majestic_top2000
https://ria.ru,0,majestic_top2000
https://dyndns.org,0,majestic_top2000
https://namecheap.com,0,majestic_top2000
https://spreaker.com,0,majestic_top2000
https://instructure.com,0,majestic_top2000
https://nationalacademies.org,0,majestic_top2000
https://business-standard.com,0,majestic_top2000
https://archdaily.com,0,majestic_top2000
https://blender.org,0,majestic_top2000
https://serverwatch.com,0,majestic_top2000
https://awin1.com,0,majestic_top2000
https://dropboxusercontent.com,0,majestic_top2000
https://app.link,0,majestic_top2000
https://perplexity.ai,0,majestic_top2000
https://unsw.edu.au,0,majestic_top2000
https://icloud.com,0,majestic_top2000
https://cvent.com,0,majestic_top2000
https://seekingalpha.com,0,majestic_top2000
https://vanderbilt.edu,0,majestic_top2000
https://liveinternet.ru,0,majestic_top2000
https://campaign-archive.com,0,majestic_top2000
https://wassenaar.org,0,majestic_top2000
https://ebay.de,0,majestic_top2000
https://gohugo.io,0,majestic_top2000
https://amap.com,0,majestic_top2000
https://peatix.com,0,majestic_top2000
https://hindawi.com,0,majestic_top2000
https://rice.edu,0,majestic_top2000
https://producthunt.com,0,majestic_top2000
https://patch.com,0,majestic_top2000
https://uefa.com,0,majestic_top2000
https://visa.com,0,majestic_top2000
https://washingtontimes.com,0,majestic_top2000
https://nationalarchives.gov.uk,0,majestic_top2000
https://mercurynews.com,0,majestic_top2000
https://colostate.edu,0,majestic_top2000
https://mcafee.com,0,majestic_top2000
https://ucsf.edu,0,majestic_top2000
https://vm.tiktok.com,0,majestic_top2000
https://macrumors.com,0,majestic_top2000
https://avast.com,0,majestic_top2000
https://ora.com,0,majestic_top2000
https://html5up.net,0,majestic_top2000
https://reference.com,0,majestic_top2000
https://coinbase.com,0,majestic_top2000
https://nerdwallet.com,0,majestic_top2000
https://pdflib.com,0,majestic_top2000
https://freetds.org,0,majestic_top2000
https://hwg.org,0,majestic_top2000
https://alexa.com,0,majestic_top2000
https://google.pl,0,majestic_top2000
https://discordapp.com,0,majestic_top2000
https://thinkwithgoogle.com,0,majestic_top2000
https://torproject.org,0,majestic_top2000
https://goethe.de,0,majestic_top2000
https://genius.com,0,majestic_top2000
https://straitstimes.com,0,majestic_top2000
https://opensuse.org,0,majestic_top2000
https://warnerbros.com,0,majestic_top2000
https://artstation.com,0,majestic_top2000
https://elementor.com,0,majestic_top2000
https://royalsocietypublishing.org,0,majestic_top2000
https://citrix.com,0,majestic_top2000
https://apache-ssl.org,0,majestic_top2000
https://propublica.org,0,majestic_top2000
https://ualberta.ca,0,majestic_top2000
https://apple.co,0,majestic_top2000
https://staticflickr.com,0,majestic_top2000
https://nd.edu,0,majestic_top2000
https://ew.com,0,majestic_top2000
https://youradchoices.com,0,majestic_top2000
https://emarketer.com,0,majestic_top2000
https://note.com,0,majestic_top2000
https://pku.edu.cn,0,majestic_top2000
https://flipboard.com,0,majestic_top2000
https://outlookindia.com,0,majestic_top2000
https://norton.com,0,majestic_top2000
https://dmca.com,0,majestic_top2000
https://specbench.org,0,majestic_top2000
https://techrepublic.com,0,majestic_top2000
https://webthing.com,0,majestic_top2000
https://lothar.com,0,majestic_top2000
https://uu.nl,0,majestic_top2000
https://zdf.de,0,majestic_top2000
https://everydayhealth.com,0,majestic_top2000
https://aap.org,0,majestic_top2000
https://web.app,0,majestic_top2000
https://amazon.it,0,majestic_top2000
https://fastpanel.direct,0,majestic_top2000
https://cms.gov,0,majestic_top2000
https://deepl.com,0,majestic_top2000
https://iplanet.com,0,majestic_top2000
https://phpmyadmin.net,0,majestic_top2000
https://pbase.com,0,majestic_top2000
https://smashingmagazine.com,0,majestic_top2000
https://csmonitor.com,0,majestic_top2000
https://buymeacoffee.com,0,majestic_top2000
https://baijiahao.baidu.com,0,majestic_top2000
https://knowyourmeme.com,0,majestic_top2000
https://homestead.com,0,majestic_top2000
https://hostingersite.com,0,majestic_top2000
https://aclu.org,0,majestic_top2000
https://insider.com,0,majestic_top2000
https://thingiverse.com,0,majestic_top2000
https://goodhousekeeping.com,0,majestic_top2000
https://website-files.com,0,majestic_top2000
https://livemint.com,0,majestic_top2000
https://tx.us,0,majestic_top2000
https://powerbi.com,0,majestic_top2000
https://tmz.com,0,majestic_top2000
https://rfi.fr,0,majestic_top2000
https://pinterest.co.uk,0,majestic_top2000
https://se.com,0,majestic_top2000
https://wsu.edu,0,majestic_top2000
https://kadencewp.com,0,majestic_top2000
https://nfl.com,0,majestic_top2000
https://lastpass.com,0,majestic_top2000
https://digitaloceanspaces.com,0,majestic_top2000
https://forrester.com,0,majestic_top2000
https://cointelegraph.com,0,majestic_top2000
https://athemes.com,0,majestic_top2000
https://upi.com,0,majestic_top2000
https://infogram.com,0,majestic_top2000
https://golux.com,0,majestic_top2000
https://barrons.com,0,majestic_top2000
https://leparisien.fr,0,majestic_top2000
https://gingerall.com,0,majestic_top2000
https://thebalancemoney.com,0,majestic_top2000
https://moma.org,0,majestic_top2000
https://usf.edu,0,majestic_top2000
https://monday.com,0,majestic_top2000
https://tinypic.com,0,majestic_top2000
https://alicdn.com,0,majestic_top2000
https://dallasnews.com,0,majestic_top2000
https://apachetutor.org,0,majestic_top2000
https://rbc.ru,0,majestic_top2000
https://nhtsa.gov,0,majestic_top2000
https://packagist.org,0,majestic_top2000
https://cronolog.org,0,majestic_top2000
https://cloudinary.com,0,majestic_top2000
https://nzherald.co.nz,0,majestic_top2000
https://4shared.com,0,majestic_top2000
https://bleepingcomputer.com,0,majestic_top2000
https://wikiquote.org,0,majestic_top2000
https://freshdesk.com,0,majestic_top2000
https://gitea.com,0,majestic_top2000
https://geeksforgeeks.org,0,majestic_top2000
https://biorxiv.org,0,majestic_top2000
https://webflow.com,0,majestic_top2000
https://gandi.net,0,majestic_top2000
https://netperf.org,0,majestic_top2000
https://opaque.net,0,majestic_top2000
https://qodeinteractive.com,0,majestic_top2000
https://dartmouth.edu,0,majestic_top2000
https://imperial.ac.uk,0,majestic_top2000
https://waw.pl,0,majestic_top2000
https://u-tokyo.ac.jp,0,majestic_top2000
https://aps.org,0,majestic_top2000
https://sleepfoundation.org,0,majestic_top2000
https://chinaz.com,0,majestic_top2000
https://lavanguardia.com,0,majestic_top2000
https://si.com,0,majestic_top2000
https://uoregon.edu,0,majestic_top2000
https://unimelb.edu.au,0,majestic_top2000
https://ibtimes.com,0,majestic_top2000
https://virtualbox.org,0,majestic_top2000
https://alltrails.com,0,majestic_top2000
https://morningstar.com,0,majestic_top2000
https://python.ca,0,majestic_top2000
https://carrd.co,0,majestic_top2000
https://francetvinfo.fr,0,majestic_top2000
https://codeplex.com,0,majestic_top2000
https://service-public.fr,0,majestic_top2000
https://hm.com,0,majestic_top2000
https://uscis.gov,0,majestic_top2000
https://iu.edu,0,majestic_top2000
https://fsu.edu,0,majestic_top2000
https://cnblogs.com,0,majestic_top2000
https://imagemagick.com,0,majestic_top2000
https://virginia.gov,0,majestic_top2000
https://abb.com,0,majestic_top2000
https://tripadvisor.co.uk,0,majestic_top2000
https://blogspot.ca,0,majestic_top2000
https://diigo.com,0,majestic_top2000
https://itv.com,0,majestic_top2000
https://7-zip.org,0,majestic_top2000
https://messenger.com,0,majestic_top2000
https://fujitsu.com,0,majestic_top2000
https://mass.gov,0,majestic_top2000
https://usp.br,0,majestic_top2000
https://getcomposer.org,0,majestic_top2000
https://miro.com,0,majestic_top2000
https://allrecipes.com,0,majestic_top2000
https://expiredwixdomain.com,0,majestic_top2000
https://wto.org,0,majestic_top2000
https://arte.tv,0,majestic_top2000
https://realtor.com,0,majestic_top2000
https://govinfo.gov,0,majestic_top2000
https://xiaohongshu.com,0,majestic_top2000
https://symfony.com,0,majestic_top2000
https://ti.com,0,majestic_top2000
https://startribune.com,0,majestic_top2000
https://wordfence.com,0,majestic_top2000
https://draft.blogger.com,0,majestic_top2000
https://join.chat,0,majestic_top2000
https://boe.es,0,majestic_top2000
https://ons.gov.uk,0,majestic_top2000
https://br.com,0,majestic_top2000
https://hulu.com,0,majestic_top2000
https://scopus.com,0,majestic_top2000
https://ford.com,0,majestic_top2000
https://tagesschau.de,0,majestic_top2000
https://softpedia.com,0,majestic_top2000
https://thespruce.com,0,majestic_top2000
https://boingboing.net,0,majestic_top2000
https://softonic.com,0,majestic_top2000
https://brevo.com,0,majestic_top2000
https://ca.us,0,majestic_top2000
https://tsinghua.edu.cn,0,majestic_top2000
https://manchester.ac.uk,0,majestic_top2000
https://claude.ai,0,majestic_top2000
https://tradingeconomics.com,0,majestic_top2000
https://habr.com,0,majestic_top2000
https://kakao.com,0,majestic_top2000
https://apachetoday.com,0,majestic_top2000
https://redbubble.com,0,majestic_top2000
https://aepd.es,0,majestic_top2000
https://rand.org,0,majestic_top2000
https://xe.com,0,majestic_top2000
https://dp.ua,0,majestic_top2000
https://ticketmaster.com,0,majestic_top2000
https://byu.edu,0,majestic_top2000
https://univie.ac.at,0,majestic_top2000
https://googleadservices.com,0,majestic_top2000
https://lulu.com,0,majestic_top2000
https://gmu.edu,0,majestic_top2000
https://nationalpost.com,0,majestic_top2000
https://cookieadmin.net,0,majestic_top2000
https://shrm.org,0,majestic_top2000
https://wistia.com,0,majestic_top2000
https://leavenworth-net.com,0,majestic_top2000
https://51.la,0,majestic_top2000
https://igvita.com,0,majestic_top2000
https://pressreader.com,0,majestic_top2000
https://workspace.google.com,0,majestic_top2000
https://copyright.gov,0,majestic_top2000
https://wired.co.uk,0,majestic_top2000
https://samhsa.gov,0,majestic_top2000
https://rtve.es,0,majestic_top2000
https://guinnessworldrecords.com,0,majestic_top2000
https://degruyter.com,0,majestic_top2000
https://thetimes.com,0,majestic_top2000
https://cdninstagram.com,0,majestic_top2000
https://abc.es,0,majestic_top2000
https://justgiving.com,0,majestic_top2000
https://michigan.gov,0,majestic_top2000
https://nj.com,0,majestic_top2000
https://buffalo.edu,0,majestic_top2000
https://unwomen.org,0,majestic_top2000
https://makeuseof.com,0,majestic_top2000
https://focus.de,0,majestic_top2000
https://vuejs.org,0,majestic_top2000
https://starbucks.com,0,majestic_top2000
https://unixtools.org,0,majestic_top2000
https://sciencealert.com,0,majestic_top2000
https://tass.ru,0,majestic_top2000
https://secureserver.net,0,majestic_top2000
https://linksynergy.com,0,majestic_top2000
https://gb.net,0,majestic_top2000
https://chinanews.com,0,majestic_top2000
https://libreoffice.org,0,majestic_top2000
https://g2.com,0,majestic_top2000
https://lycos.com,0,majestic_top2000
https://mtv.com,0,majestic_top2000
https://idc.com,0,majestic_top2000
https://denverpost.com,0,majestic_top2000
https://threebit.net,0,majestic_top2000
https://expedia.com,0,majestic_top2000
https://stuff.co.nz,0,majestic_top2000
https://myportfolio.com,0,majestic_top2000
https://nbc.com,0,majestic_top2000
https://whiterabbitpress.com,0,majestic_top2000
https://in.gov,0,majestic_top2000
https://tiny.cc,0,majestic_top2000
https://rumble.com,0,majestic_top2000
https://travelandleisure.com,0,majestic_top2000
https://livechat.com,0,majestic_top2000
https://disneyplus.com,0,majestic_top2000
https://news-medical.net,0,majestic_top2000
https://archive.is,0,majestic_top2000
https://es.linkedin.com,0,majestic_top2000
https://hatenablog.com,0,majestic_top2000
https://haaretz.com,0,majestic_top2000
https://channel4.com,0,majestic_top2000
https://mcdonalds.com,0,majestic_top2000
https://checkpoint.com,0,majestic_top2000
https://cfr.org,0,majestic_top2000
https://wa.gov.au,0,majestic_top2000
https://nghttp2.org,0,majestic_top2000
https://fas.org,0,majestic_top2000
https://codeberg.org,0,majestic_top2000
https://honeywell.com,0,majestic_top2000
https://codecanyon.net,0,majestic_top2000
https://documentcloud.org,0,majestic_top2000
https://sibforms.com,0,majestic_top2000
https://spaceship.com,0,majestic_top2000
https://blogspot.com.es,0,majestic_top2000
https://gla.ac.uk,0,majestic_top2000
https://ct.gov,0,majestic_top2000
https://cbp.gov,0,majestic_top2000
https://springeropen.com,0,majestic_top2000
https://we.tl,0,majestic_top2000
https://click.linksynergy.com,0,majestic_top2000
https://nato.int,0,majestic_top2000
https://godaddysites.com,0,majestic_top2000
https://windy.com,0,majestic_top2000
https://infobae.com,0,majestic_top2000
https://handelsblatt.com,0,majestic_top2000
https://motherjones.com,0,majestic_top2000
https://suntimes.com,0,majestic_top2000
https://demon.co.uk,0,majestic_top2000
https://gq.com,0,majestic_top2000
https://nhl.com,0,majestic_top2000
https://uq.edu.au,0,majestic_top2000
https://haproxy.org,0,majestic_top2000
https://emory.edu,0,majestic_top2000
https://httpwg.org,0,majestic_top2000
https://blackberry.com,0,majestic_top2000
https://azcentral.com,0,majestic_top2000
https://liebertpub.com,0,majestic_top2000
https://filesusr.com,0,majestic_top2000
https://brave.com,0,majestic_top2000
https://cpanel.com,0,majestic_top2000
https://blogspot.fr,0,majestic_top2000
https://namebright.com,0,majestic_top2000
https://ipsos.com,0,majestic_top2000
https://uky.edu,0,majestic_top2000
https://audible.com,0,majestic_top2000
https://oregonlive.com,0,majestic_top2000
https://gpo.gov,0,majestic_top2000
https://tomsguide.com,0,majestic_top2000
https://neocities.org,0,majestic_top2000
https://tagesspiegel.de,0,majestic_top2000
https://java.net,0,majestic_top2000
https://mcusercontent.com,0,majestic_top2000
https://economictimes.com,0,majestic_top2000
https://supremecourt.gov,0,majestic_top2000
https://sbnation.com,0,majestic_top2000
https://uic.edu,0,majestic_top2000
https://helsinki.fi,0,majestic_top2000
https://nifty.com,0,majestic_top2000
https://google.at,0,majestic_top2000
https://bayern.de,0,majestic_top2000
https://minecraft.net,0,majestic_top2000
https://bnf.fr,0,majestic_top2000
https://xda-developers.com,0,majestic_top2000
https://dezeen.com,0,majestic_top2000
https://adage.com,0,majestic_top2000
https://youradchoices.ca,0,majestic_top2000
https://grigorik.com,0,majestic_top2000
https://aboutamazon.com,0,majestic_top2000
https://hcaptcha.com,0,majestic_top2000
https://timeshighereducation.com,0,majestic_top2000
https://web.id,0,majestic_top2000
https://google.be,0,majestic_top2000
https://thenation.com,0,majestic_top2000
https://made-in-china.com,0,majestic_top2000
https://google.ch,0,majestic_top2000
https://warwick.ac.uk,0,majestic_top2000
https://newatlas.com,0,majestic_top2000
https://lifewire.com,0,majestic_top2000
https://backlinko.com,0,majestic_top2000
https://cookieyes.com,0,majestic_top2000
https://rwth-aachen.de,0,majestic_top2000
https://gao.gov,0,majestic_top2000
https://kcl.ac.uk,0,majestic_top2000
https://bankofamerica.com,0,majestic_top2000
https://porsche.com,0,majestic_top2000
https://utah.gov,0,majestic_top2000
https://aip.org,0,majestic_top2000
https://aa.com.tr,0,majestic_top2000
https://theintercept.com,0,majestic_top2000
https://polygon.com,0,majestic_top2000
https://pa.gov,0,majestic_top2000
https://eater.com,0,majestic_top2000
https://xs4all.nl,0,majestic_top2000
https://codecademy.com,0,majestic_top2000
https://missouri.edu,0,majestic_top2000
https://ucsc.edu,0,majestic_top2000
https://kotaku.com,0,majestic_top2000
https://altavista.com,0,majestic_top2000
https://medrxiv.org,0,majestic_top2000
https://core.ac.uk,0,majestic_top2000
https://od.ua,0,majestic_top2000
https://observer.com,0,majestic_top2000
https://postimg.cc,0,majestic_top2000
https://3m.com,0,majestic_top2000
https://nj.gov,0,majestic_top2000
https://sproutsocial.com,0,majestic_top2000
https://unodc.org,0,majestic_top2000
https://pantheonsite.io,0,majestic_top2000
https://avg.com,0,majestic_top2000
https://boredpanda.com,0,majestic_top2000
https://tilda.ws,0,majestic_top2000
https://leeds.ac.uk,0,majestic_top2000
https://hexun.com,0,majestic_top2000
https://harpersbazaar.com,0,majestic_top2000
https://inquirer.com,0,majestic_top2000
https://chinanews.com.cn,0,majestic_top2000
https://epfl.ch,0,majestic_top2000
https://huffingtonpost.co.uk,0,majestic_top2000
https://wallpapers.com,0,majestic_top2000
https://meti.go.jp,0,majestic_top2000
https://stlouisfed.org,0,majestic_top2000
https://wolfram.com,0,majestic_top2000
https://fl.us,0,majestic_top2000
https://adp.com,0,majestic_top2000
https://wpzoom.com,0,majestic_top2000
https://apps.microsoft.com,0,majestic_top2000
https://impact.com,0,majestic_top2000
https://cio.com,0,majestic_top2000
https://mentalfloss.com,0,majestic_top2000
https://thestreet.com,0,majestic_top2000
https://michelin.com,0,majestic_top2000
https://kommersant.ru,0,majestic_top2000
https://openedition.org,0,majestic_top2000
https://mongodb.com,0,majestic_top2000
https://bigcommerce.com,0,majestic_top2000
https://ucr.edu,0,majestic_top2000
https://g1.globo.com,0,majestic_top2000
https://freep.com,0,majestic_top2000
https://fu-berlin.de,0,majestic_top2000
https://fortinet.com,0,majestic_top2000
https://liberation.fr,0,majestic_top2000
https://nus.edu.sg,0,majestic_top2000
https://bustle.com,0,majestic_top2000
https://hackernoon.com,0,majestic_top2000
https://theage.com.au,0,majestic_top2000
https://kremlin.ru,0,majestic_top2000
https://hotels.com,0,majestic_top2000
https://ouest-france.fr,0,majestic_top2000
https://home.blog,0,majestic_top2000
https://euractiv.com,0,majestic_top2000
https://fsf.org,0,majestic_top2000
https://iaea.org,0,majestic_top2000
https://r-project.org,0,majestic_top2000
https://catchthemes.com,0,majestic_top2000
https://freewebs.com,0,majestic_top2000
https://superbthemes.com,0,majestic_top2000
https://9to5mac.com,0,majestic_top2000
https://get.teamviewer.com,0,majestic_top2000
https://louvre.fr,0,majestic_top2000
https://m.economictimes.com,0,majestic_top2000
https://ubisoft.com,0,majestic_top2000
https://buzzfeednews.com,0,majestic_top2000
https://brightcove.net,0,majestic_top2000
https://freeprivacypolicy.com,0,majestic_top2000
https://treehugger.com,0,majestic_top2000
https://openlibrary.org,0,majestic_top2000
https://pcgamer.com,0,majestic_top2000
https://kaggle.com,0,majestic_top2000
https://elastic.co,0,majestic_top2000
https://uva.nl,0,majestic_top2000
https://list-manage1.com,0,majestic_top2000
https://infoworld.com,0,majestic_top2000
https://uh.edu,0,majestic_top2000
https://indiatoday.in,0,majestic_top2000
https://eonline.com,0,majestic_top2000
https://wmo.int,0,majestic_top2000
https://abc.com,0,majestic_top2000
https://swissinfo.ch,0,majestic_top2000
https://themeansar.com,0,majestic_top2000
https://hud.gov,0,majestic_top2000
https://ehow.com,0,majestic_top2000
https://cnki.net,0,majestic_top2000
https://ctfassets.net,0,majestic_top2000
https://berlin.de,0,majestic_top2000
https://bfmtv.com,0,majestic_top2000
https://ubereats.com,0,majestic_top2000
https://wordstream.com,0,majestic_top2000
https://colorado.gov,0,majestic_top2000
https://malwarebytes.com,0,majestic_top2000
https://yoast.com,0,majestic_top2000
https://dreamstime.com,0,majestic_top2000
https://aaa.com,0,majestic_top2000
https://instapaper.com,0,majestic_top2000
https://livechatinc.com,0,majestic_top2000
https://mathworks.com,0,majestic_top2000
https://channelnewsasia.com,0,majestic_top2000
https://unctad.org,0,majestic_top2000
https://scoop.it,0,majestic_top2000
https://americanbar.org,0,majestic_top2000
https://rentry.co,0,majestic_top2000
https://uio.no,0,majestic_top2000
https://emptyhammock.com,0,majestic_top2000
https://uni-heidelberg.de,0,majestic_top2000
https://uw.edu,0,majestic_top2000
https://vrbo.com,0,majestic_top2000
https://mo.gov,0,majestic_top2000
https://theepochtimes.com,0,majestic_top2000
https://lbl.gov,0,majestic_top2000
https://ytimg.com,0,majestic_top2000
https://lesechos.fr,0,majestic_top2000
https://ebscohost.com,0,majestic_top2000
https://sendgrid.net,0,majestic_top2000
https://eset.com,0,majestic_top2000
https://oecd-ilibrary.org,0,majestic_top2000
https://health.com,0,majestic_top2000
https://rambler.ru,0,majestic_top2000
https://fws.gov,0,majestic_top2000
https://yougov.com,0,majestic_top2000
https://lowes.com,0,majestic_top2000
https://ucalgary.ca,0,majestic_top2000
https://ibiblio.org,0,majestic_top2000
https://jqueryui.com,0,majestic_top2000
https://golang.org,0,majestic_top2000
https://gnupg.org,0,majestic_top2000
https://tate.org.uk,0,majestic_top2000
https://bitcoin.org,0,majestic_top2000
https://hbo.com,0,majestic_top2000
https://wixstatic.com,0,majestic_top2000
https://scielo.br,0,majestic_top2000
https://github.blog,0,majestic_top2000
https://prtimes.jp,0,majestic_top2000
https://reliefweb.int,0,majestic_top2000
https://newrepublic.com,0,majestic_top2000
https://radissonhotels.com,0,majestic_top2000
https://google.com.tw,0,majestic_top2000
https://ohio.gov,0,majestic_top2000
https://lviv.ua,0,majestic_top2000
https://haproxy.com,0,majestic_top2000
https://pp.ua,0,majestic_top2000
https://mimecast.com,0,majestic_top2000
https://uconn.edu,0,majestic_top2000
https://asm.org,0,majestic_top2000
https://delta.com,0,majestic_top2000
https://toptal.com,0,majestic_top2000
https://orf.at,0,majestic_top2000
https://gambleaware.org,0,majestic_top2000
https://worldwildlife.org,0,majestic_top2000
https://similarweb.com,0,majestic_top2000
https://envoyer.io,0,majestic_top2000
https://flippingbook.com,0,majestic_top2000
https://tum.de,0,majestic_top2000
https://timesonline.co.uk,0,majestic_top2000
https://videojs.com,0,majestic_top2000
https://goo.ne.jp,0,majestic_top2000
https://emerald.com,0,majestic_top2000
https://oregon.gov,0,majestic_top2000
https://wattpad.com,0,majestic_top2000
https://menshealth.com,0,majestic_top2000
https://sbs.com.au,0,majestic_top2000
https://kidshealth.org,0,majestic_top2000
https://news24.com,0,majestic_top2000
https://bookshop.org,0,majestic_top2000
https://sfchronicle.com,0,majestic_top2000
https://tudelft.nl,0,majestic_top2000
https://sp.gov.br,0,majestic_top2000
https://kubernetes.io,0,majestic_top2000
https://myworkdayjobs.com,0,majestic_top2000
https://ndr.de,0,majestic_top2000
https://wakelet.com,0,majestic_top2000
https://videojs.org,0,majestic_top2000
https://screenrant.com,0,majestic_top2000
https://rd.com,0,majestic_top2000
https://encyclopedia.com,0,majestic_top2000
https://comcast.net,0,majestic_top2000
https://discovermagazine.com,0,majestic_top2000
https://maryland.gov,0,majestic_top2000
https://blizzard.com,0,majestic_top2000
https://windows.com,0,majestic_top2000
https://collegeboard.org,0,majestic_top2000
https://exblog.jp,0,majestic_top2000
https://ajc.com,0,majestic_top2000
https://speakerdeck.com,0,majestic_top2000
https://shareasale.com,0,majestic_top2000
https://nationalgeographic.org,0,majestic_top2000
https://architecturaldigest.com,0,majestic_top2000
https://stitcher.com,0,majestic_top2000
https://blogs.com,0,majestic_top2000
https://vulture.com,0,majestic_top2000
https://azureedge.net,0,majestic_top2000
https://zazzle.com,0,majestic_top2000
https://china.com,0,majestic_top2000
https://opensea.io,0,majestic_top2000
https://biography.com,0,majestic_top2000
https://examiner.com,0,majestic_top2000
https://greenend.org.uk,0,majestic_top2000
https://acast.com,0,majestic_top2000
https://iata.org,0,majestic_top2000
https://wikimapia.org,0,majestic_top2000
https://midjourney.com,0,majestic_top2000
https://coca-cola.com,0,majestic_top2000
https://tunein.com,0,majestic_top2000
https://nami.org,0,majestic_top2000
https://refinery29.com,0,majestic_top2000
https://web.telegram.org,0,majestic_top2000
https://mlit.go.jp,0,majestic_top2000
https://rebrand.ly,0,majestic_top2000
https://sandiegouniontribune.com,0,majestic_top2000
https://baltimoresun.com,0,majestic_top2000
https://rb.gy,0,majestic_top2000
https://bahn.de,0,majestic_top2000
https://psychcentral.com,0,majestic_top2000
https://gsu.edu,0,majestic_top2000
https://ms.now,0,majestic_top2000
https://paris.fr,0,majestic_top2000
https://britishmuseum.org,0,majestic_top2000
https://joinmastodon.org,0,majestic_top2000
https://gamestop.com,0,majestic_top2000
https://wolframalpha.com,0,majestic_top2000
https://vc.ru,0,majestic_top2000
https://marca.com,0,majestic_top2000
https://sapo.pt,0,majestic_top2000
https://alz.org,0,majestic_top2000
https://kit.com,0,majestic_top2000
https://artnet.com,0,majestic_top2000
https://bundestag.de,0,majestic_top2000
https://kff.org,0,majestic_top2000
https://custhelp.com,0,majestic_top2000
https://webnode.com,0,majestic_top2000
https://ozon.ru,0,majestic_top2000
https://tawk.to,0,majestic_top2000
https://termly.io,0,majestic_top2000
https://worldpopulationreview.com,0,majestic_top2000
https://csis.org,0,majestic_top2000
https://opentable.com,0,majestic_top2000
https://poetryfoundation.org,0,majestic_top2000
https://ebsco.com,0,majestic_top2000
https://nngroup.com,0,majestic_top2000
https://moe.gov.cn,0,majestic_top2000
https://doaj.org,0,majestic_top2000
https://dnspod.cn,0,majestic_top2000
https://cbssports.com,0,majestic_top2000
https://as.com,0,majestic_top2000
https://drugs.com,0,majestic_top2000
https://marthastewart.com,0,majestic_top2000
https://yorku.ca,0,majestic_top2000
https://br.de,0,majestic_top2000
https://gob.ec,0,majestic_top2000
https://ucoz.ru,0,majestic_top2000
https://bitdefender.com,0,majestic_top2000
https://eastmoney.com,0,majestic_top2000
https://akamai.com,0,majestic_top2000
https://popsugar.com,0,majestic_top2000
https://visualcapitalist.com,0,majestic_top2000
https://twilio.com,0,majestic_top2000
https://ansa.it,0,majestic_top2000
https://social-plugins.line.me,0,majestic_top2000
https://azure.com,0,majestic_top2000
https://cbs.com,0,majestic_top2000
https://utk.edu,0,majestic_top2000
https://wbs.legal,0,majestic_top2000
https://deepseek.com,0,majestic_top2000
https://medicalxpress.com,0,majestic_top2000
https://inkscape.org,0,majestic_top2000
https://rug.nl,0,majestic_top2000
https://djangoproject.com,0,majestic_top2000
https://msk.ru,0,majestic_top2000
https://jpmorgan.com,0,majestic_top2000
https://cryoutcreations.eu,0,majestic_top2000
https://newegg.com,0,majestic_top2000
https://bcorporation.net,0,majestic_top2000
https://goldmansachs.com,0,majestic_top2000
https://fourseasons.com,0,majestic_top2000
https://gmw.cn,0,majestic_top2000
https://uni-muenchen.de,0,majestic_top2000
https://networksolutions.com,0,majestic_top2000
https://breitbart.com,0,majestic_top2000
https://chosun.com,0,majestic_top2000
https://consumerfinance.gov,0,majestic_top2000
https://site123.me,0,majestic_top2000
https://websitedemos.net,0,majestic_top2000
https://independent.ie,0,majestic_top2000
https://cookiebot.com,0,majestic_top2000
https://scotsman.com,0,majestic_top2000
https://famethemes.com,0,majestic_top2000
https://csiro.au,0,majestic_top2000
https://ny.us,0,majestic_top2000
https://legacy.com,0,majestic_top2000
https://nap.edu,0,majestic_top2000
https://wdr.de,0,majestic_top2000
https://www.gov.pl,0,majestic_top2000
https://akc.org,0,majestic_top2000
https://unm.edu,0,majestic_top2000
https://mynavi.jp,0,majestic_top2000
https://asp.net,0,majestic_top2000
https://emojipedia.org,0,majestic_top2000
https://jpn.com,0,majestic_top2000
https://bootstrapmade.com,0,majestic_top2000
https://futurism.com,0,majestic_top2000
https://nicovideo.jp,0,majestic_top2000
https://statnews.com,0,majestic_top2000
https://info.pl,0,majestic_top2000
https://lexisnexis.com,0,majestic_top2000
https://zblogcn.com,0,majestic_top2000
https://nme.com,0,majestic_top2000
https://nfpa.org,0,majestic_top2000
https://nj.us,0,majestic_top2000
https://androidauthority.com,0,majestic_top2000
https://united-domains.de,0,majestic_top2000
https://sf.net,0,majestic_top2000
https://c212.net,0,majestic_top2000
https://informer.com,0,majestic_top2000
https://monster.com,0,majestic_top2000
https://cleveland.com,0,majestic_top2000
https://jiathis.com,0,majestic_top2000
https://depositphotos.com,0,majestic_top2000
https://yomiuri.co.jp,0,majestic_top2000
https://military.com,0,majestic_top2000
https://nla.gov.au,0,majestic_top2000
https://case.edu,0,majestic_top2000
https://delicious.com,0,majestic_top2000
https://nrw.de,0,majestic_top2000
https://google.com.ua,0,majestic_top2000
https://ryanair.com,0,majestic_top2000
https://mobirise.com,0,majestic_top2000
https://wikiwand.com,0,majestic_top2000
https://freecodecamp.org,0,majestic_top2000
https://bhphotovideo.com,0,majestic_top2000
https://ku.edu,0,majestic_top2000
https://qualcomm.com,0,majestic_top2000
https://re.kr,0,majestic_top2000
https://pingdom.com,0,majestic_top2000
https://seagate.com,0,majestic_top2000
https://app.google,0,majestic_top2000
https://kriesi.at,0,majestic_top2000
https://thebalance.com,0,majestic_top2000
https://anrdoezrs.net,0,majestic_top2000
https://digitaljournal.com,0,majestic_top2000
